{
  "users": {
    "6285655548594@s.whatsapp.net": {
      "rpg": true,
      "daftar": false,
      "vip": false,
      "badword": 0,
      "title": "",
      "serialNumber": "1a5bcad6ede76c15f9d594c135ecf3d7",
      "nick": "Who's Ryzén?",
      "nama": "Guest",
      "pacar": "",
      "askot": "",
      "umur": 0,
      "premium": false,
      "totalLimit": 20,
      "limit": 20,
      "uang": 1000,
      "lastclaim": 1739889758438,
      "lastrampok": 1739889758438,
      "pctime": 1739890691550,
      "coins": 0,
      "exp": 0,
      "rank": 700,
      "level": 0
    },
    "6283856877894@s.whatsapp.net": {
      "rpg": false,
      "daftar": false,
      "vip": false,
      "badword": 0,
      "title": "",
      "serialNumber": "8a7c67b3a7222a212ba623ebcd0b9495",
      "nick": "RyzenOFC",
      "nama": "Guest",
      "pacar": "",
      "askot": "",
      "umur": 0,
      "premium": false,
      "totalLimit": 20,
      "limit": 20,
      "uang": 1000,
      "lastclaim": 1739889758750,
      "lastrampok": 1739889758750,
      "pctime": "",
      "coins": 0,
      "exp": 0,
      "rank": 700,
      "level": 0
    },
    "120363364330631981@newsletter": {
      "rpg": false,
      "daftar": false,
      "vip": false,
      "badword": 0,
      "title": "",
      "serialNumber": "fadfd8d5ea32d3a3541d52e4448aa575",
      "nama": "Guest",
      "pacar": "",
      "askot": "",
      "umur": 0,
      "premium": false,
      "totalLimit": 20,
      "limit": 20,
      "uang": 1000,
      "lastclaim": 1739889923336,
      "lastrampok": 1739889923336,
      "pctime": "",
      "coins": 0,
      "exp": 0,
      "rank": 700,
      "level": 0
    },
    "120363372111850676@newsletter": {
      "rpg": false,
      "daftar": false,
      "vip": false,
      "badword": 0,
      "title": "",
      "serialNumber": "c1db238da3395a21129521c081753e88",
      "nama": "Guest",
      "pacar": "",
      "askot": "",
      "umur": 0,
      "premium": false,
      "totalLimit": 20,
      "limit": 20,
      "uang": 1000,
      "lastclaim": 1739890293835,
      "lastrampok": 1739890293835,
      "pctime": "",
      "coins": 0,
      "exp": 0,
      "rank": 700,
      "level": 0
    },
    "48539748178@s.whatsapp.net": {
      "rpg": false,
      "daftar": false,
      "vip": false,
      "badword": 0,
      "title": "",
      "serialNumber": "d0163d6619a002b65f9fbf1cb8bbdd8d",
      "nick": "+48 539 748 178",
      "nama": "Guest",
      "pacar": "",
      "askot": "",
      "umur": 0,
      "premium": false,
      "totalLimit": 20,
      "limit": 20,
      "uang": 1000,
      "lastclaim": 1741204297814,
      "lastrampok": 1741204297814,
      "pctime": "",
      "coins": 0,
      "exp": 0,
      "rank": 700,
      "level": 0
    },
    "6287778002663@s.whatsapp.net": {
      "rpg": false,
      "daftar": false,
      "vip": false,
      "badword": 0,
      "title": "",
      "serialNumber": "a86766cf5eb0aaacb923fbfcd01082c7",
      "nick": "de4you",
      "nama": "Guest",
      "pacar": "",
      "askot": "",
      "umur": 0,
      "premium": false,
      "totalLimit": 20,
      "limit": 20,
      "uang": 1000,
      "lastclaim": 1741204306588,
      "lastrampok": 1741204306588,
      "pctime": 1741204491638,
      "coins": 0,
      "exp": 0,
      "rank": 700,
      "level": 0
    },
    "6285934760269@s.whatsapp.net": {
      "rpg": false,
      "daftar": false,
      "vip": false,
      "badword": 0,
      "title": "",
      "serialNumber": "64d344063431aba035666faa1d2d8c8f",
      "nick": "kokorey",
      "nama": "Guest",
      "pacar": "",
      "askot": "",
      "umur": 0,
      "premium": false,
      "totalLimit": 20,
      "limit": 20,
      "uang": 1000,
      "lastclaim": 1743637229995,
      "lastrampok": 1743637229995,
      "pctime": "",
      "coins": 0,
      "exp": 0,
      "rank": 700,
      "level": 0
    },
    "6282137829041@s.whatsapp.net": {
      "rpg": false,
      "daftar": false,
      "vip": false,
      "badword": 0,
      "title": "",
      "serialNumber": "3c49e41f3097d68ba6076f887951161c",
      "nick": "KoKoRey ~ D.W.Ms",
      "nama": "Guest",
      "pacar": "",
      "askot": "",
      "umur": 0,
      "premium": false,
      "totalLimit": 20,
      "limit": 20,
      "uang": 2500,
      "lastclaim": 1743637383368,
      "lastrampok": 1743637383368,
      "pctime": 1743790329245,
      "coins": 0,
      "exp": 0,
      "rank": 700,
      "level": 0
    },
    "6287740102292@s.whatsapp.net": {
      "rpg": false,
      "daftar": false,
      "vip": false,
      "badword": 0,
      "title": "",
      "serialNumber": "861f292ce524a200c49e8dcbeb4d4509",
      "nick": "ell",
      "nama": "Guest",
      "pacar": "",
      "askot": "",
      "umur": 0,
      "premium": false,
      "totalLimit": 20,
      "limit": 20,
      "uang": 1000,
      "lastclaim": 1743637626064,
      "lastrampok": 1743637626064,
      "pctime": 1743698656458,
      "coins": 0,
      "exp": 0,
      "rank": 700,
      "level": 0
    },
    "120363415603332542@newsletter": {
      "rpg": false,
      "daftar": false,
      "vip": false,
      "badword": 0,
      "title": "",
      "serialNumber": "80255b8347dd211dc30379e5ce6b300e",
      "nama": "Guest",
      "pacar": "",
      "askot": "",
      "umur": 0,
      "premium": false,
      "totalLimit": 20,
      "limit": 20,
      "uang": 1000,
      "lastclaim": 1743638137402,
      "lastrampok": 1743638137402,
      "pctime": "",
      "coins": 0,
      "exp": 0,
      "rank": 700,
      "level": 0
    },
    "120363399102416595@newsletter": {
      "rpg": false,
      "daftar": false,
      "vip": false,
      "badword": 0,
      "title": "",
      "serialNumber": "3cbcd48dac89a9f5b9f86d31325d6ae6",
      "nama": "Guest",
      "pacar": "",
      "askot": "",
      "umur": 0,
      "premium": false,
      "totalLimit": 20,
      "limit": 20,
      "uang": 1000,
      "lastclaim": 1743638229676,
      "lastrampok": 1743638229676,
      "pctime": "",
      "coins": 0,
      "exp": 0,
      "rank": 700,
      "level": 0
    },
    "6285883533187@s.whatsapp.net": {
      "rpg": false,
      "daftar": true,
      "vip": false,
      "badword": 0,
      "title": "",
      "serialNumber": "b5482676b1bcd76bcb0c950eb69a440b",
      "nick": "alexandro Steve v1",
      "nama": "alexander",
      "pacar": "",
      "askot": "jakarta",
      "umur": 27,
      "premium": false,
      "totalLimit": 20,
      "limit": 20,
      "uang": 6000,
      "lastclaim": 1743639405821,
      "lastrampok": 1743639405821,
      "pctime": "",
      "coins": 0,
      "exp": 0,
      "rank": 700,
      "level": 0
    },
    "6281367724763@s.whatsapp.net": {
      "rpg": false,
      "daftar": false,
      "vip": false,
      "badword": 0,
      "title": "",
      "serialNumber": "28e94c70e308b058a790c38d59e1328a",
      "nick": "Reni",
      "nama": "Guest",
      "pacar": "",
      "askot": "",
      "umur": 0,
      "premium": false,
      "totalLimit": 20,
      "limit": 20,
      "uang": 1000,
      "lastclaim": 1743640806073,
      "lastrampok": 1743640806073,
      "pctime": "",
      "coins": 0,
      "exp": 0,
      "rank": 700,
      "level": 0
    },
    "120363366790950043@newsletter": {
      "rpg": false,
      "daftar": false,
      "vip": false,
      "badword": 0,
      "title": "",
      "serialNumber": "62993a703c4c1dadca671d056fd10d2d",
      "nama": "Guest",
      "pacar": "",
      "askot": "",
      "umur": 0,
      "premium": false,
      "totalLimit": 20,
      "limit": 20,
      "uang": 1000,
      "lastclaim": 1743641220218,
      "lastrampok": 1743641220218,
      "pctime": "",
      "coins": 0,
      "exp": 0,
      "rank": 700,
      "level": 0
    },
    "6285647026769@s.whatsapp.net": {
      "rpg": false,
      "daftar": false,
      "vip": false,
      "badword": 0,
      "title": "",
      "serialNumber": "5e6e91b67960b945ca43a8e9a3fb986f",
      "nick": "pio",
      "nama": "Guest",
      "pacar": "",
      "askot": "",
      "umur": 0,
      "premium": false,
      "totalLimit": 20,
      "limit": 20,
      "uang": 1500,
      "lastclaim": 1743641664403,
      "lastrampok": 1743641664403,
      "pctime": "",
      "coins": 0,
      "exp": 0,
      "rank": 700,
      "level": 0
    },
    "120363410522280713@newsletter": {
      "rpg": false,
      "daftar": false,
      "vip": false,
      "badword": 0,
      "title": "",
      "serialNumber": "ac53ed6e8744dede8a104a5c9b2704f2",
      "nama": "Guest",
      "pacar": "",
      "askot": "",
      "umur": 0,
      "premium": false,
      "totalLimit": 20,
      "limit": 20,
      "uang": 1000,
      "lastclaim": 1743642032410,
      "lastrampok": 1743642032410,
      "pctime": "",
      "coins": 0,
      "exp": 0,
      "rank": 700,
      "level": 0
    },
    "120363402246418667@newsletter": {
      "rpg": false,
      "daftar": false,
      "vip": false,
      "badword": 0,
      "title": "",
      "serialNumber": "4e9a1afa662f2be87e5e9036b5446392",
      "nama": "Guest",
      "pacar": "",
      "askot": "",
      "umur": 0,
      "premium": false,
      "totalLimit": 20,
      "limit": 20,
      "uang": 1000,
      "lastclaim": 1743643995184,
      "lastrampok": 1743643995184,
      "pctime": "",
      "coins": 0,
      "exp": 0,
      "rank": 700,
      "level": 0
    },
    "855889492335@s.whatsapp.net": {
      "rpg": false,
      "daftar": false,
      "vip": false,
      "badword": 0,
      "title": "",
      "serialNumber": "593d35bddec9001c102184d2dc3bd462",
      "nick": "KoKoRey v12",
      "nama": "Guest",
      "pacar": "",
      "askot": "",
      "umur": 0,
      "premium": false,
      "totalLimit": 20,
      "limit": 20,
      "uang": 1000,
      "lastclaim": 1743645102208,
      "lastrampok": 1743645102208,
      "pctime": "",
      "coins": 0,
      "exp": 0,
      "rank": 700,
      "level": 0
    },
    "6285787320864@s.whatsapp.net": {
      "rpg": false,
      "daftar": false,
      "vip": false,
      "badword": 0,
      "title": "",
      "serialNumber": "b03d58cf8146b20002fe11dc5f841257",
      "nick": "lemontea nxd",
      "nama": "Guest",
      "pacar": "",
      "askot": "",
      "umur": 0,
      "premium": false,
      "totalLimit": 20,
      "limit": 20,
      "uang": 1000,
      "lastclaim": 1743689688611,
      "lastrampok": 1743689688611,
      "pctime": "",
      "coins": 0,
      "exp": 0,
      "rank": 700,
      "level": 0
    },
    "6285198016574@s.whatsapp.net": {
      "rpg": false,
      "daftar": true,
      "vip": false,
      "badword": 0,
      "title": "",
      "serialNumber": "e9a321aa721f0067f92213f8dd411da4",
      "nick": "alergi lacur",
      "nama": "dea",
      "pacar": "",
      "askot": "cikarang",
      "umur": 17,
      "premium": false,
      "totalLimit": 20,
      "limit": 40,
      "uang": 6000,
      "lastclaim": 1743690199696,
      "lastrampok": 1743690199696,
      "pctime": "",
      "coins": 0,
      "exp": 0,
      "rank": 700,
      "level": 0
    },
    "6285771674230@s.whatsapp.net": {
      "rpg": false,
      "daftar": false,
      "vip": false,
      "badword": 0,
      "title": "",
      "serialNumber": "2413c2d29ea90a40e2503db0c8806cc6",
      "nick": "Byzantium.",
      "nama": "Guest",
      "pacar": "",
      "askot": "",
      "umur": 0,
      "premium": false,
      "totalLimit": 20,
      "limit": 20,
      "uang": 1000,
      "lastclaim": 1743691900039,
      "lastrampok": 1743691900039,
      "pctime": "",
      "coins": 0,
      "exp": 0,
      "rank": 700,
      "level": 0
    },
    "6285154030539@s.whatsapp.net": {
      "rpg": false,
      "daftar": false,
      "vip": false,
      "badword": 0,
      "title": "",
      "serialNumber": "f9ad4578058c879500247b19b357642f",
      "nick": "kepin",
      "nama": "Guest",
      "pacar": "",
      "askot": "",
      "umur": 0,
      "premium": false,
      "totalLimit": 20,
      "limit": 20,
      "uang": 1000,
      "lastclaim": 1743696884140,
      "lastrampok": 1743696884140,
      "pctime": 1743728707985,
      "coins": 0,
      "exp": 0,
      "rank": 700,
      "level": 0
    },
    "6287867717820@s.whatsapp.net": {
      "rpg": false,
      "daftar": false,
      "vip": false,
      "badword": 0,
      "title": "",
      "serialNumber": "56eb5a78c1af297ca8d8897eb812ca21",
      "nick": "Kenong",
      "nama": "Guest",
      "pacar": "",
      "askot": "",
      "umur": 0,
      "premium": false,
      "totalLimit": 20,
      "limit": 20,
      "uang": 1000,
      "lastclaim": 1743698865058,
      "lastrampok": 1743698865058,
      "pctime": "",
      "coins": 0,
      "exp": 0,
      "rank": 700,
      "level": 0
    },
    "31687173992@s.whatsapp.net": {
      "rpg": false,
      "daftar": false,
      "vip": false,
      "badword": 0,
      "title": "",
      "serialNumber": "ddb7fae5640a1123abe253b08f4f55d8",
      "nick": "xshine ᵃᵍᵉⁿᶜʸ",
      "nama": "Guest",
      "pacar": "",
      "askot": "",
      "umur": 0,
      "premium": false,
      "totalLimit": 20,
      "limit": 20,
      "uang": 1000,
      "lastclaim": 1743699322237,
      "lastrampok": 1743699322237,
      "pctime": "",
      "coins": 0,
      "exp": 0,
      "rank": 700,
      "level": 0
    },
    "62895412310567@s.whatsapp.net": {
      "rpg": false,
      "daftar": false,
      "vip": false,
      "badword": 0,
      "title": "",
      "serialNumber": "33aebbfb2606507da275aaac19938cd5",
      "nick": ".",
      "nama": "Guest",
      "pacar": "",
      "askot": "",
      "umur": 0,
      "premium": false,
      "totalLimit": 20,
      "limit": 20,
      "uang": 1000,
      "lastclaim": 1743700912206,
      "lastrampok": 1743700912206,
      "pctime": "",
      "coins": 0,
      "exp": 0,
      "rank": 700,
      "level": 0
    },
    "6283877127735@s.whatsapp.net": {
      "rpg": false,
      "daftar": false,
      "vip": false,
      "badword": 0,
      "title": "",
      "serialNumber": "5dcdbdbb604d636a35dd45d89a3e8e00",
      "nick": "mamat_",
      "nama": "Guest",
      "pacar": "",
      "askot": "",
      "umur": 0,
      "premium": false,
      "totalLimit": 20,
      "limit": 20,
      "uang": 1000,
      "lastclaim": 1743701623679,
      "lastrampok": 1743701623679,
      "pctime": "",
      "coins": 0,
      "exp": 0,
      "rank": 700,
      "level": 0
    },
    "62882003382430@s.whatsapp.net": {
      "rpg": false,
      "daftar": false,
      "vip": false,
      "badword": 6,
      "title": "",
      "serialNumber": "e8795ce50b2b14a372f52700bd54a54c",
      "nick": "r",
      "nama": "Guest",
      "pacar": "",
      "askot": "",
      "umur": 0,
      "premium": false,
      "totalLimit": 20,
      "limit": 20,
      "uang": 1000,
      "lastclaim": 1743713954097,
      "lastrampok": 1743713954097,
      "pctime": "",
      "coins": 0,
      "exp": 0,
      "rank": 700,
      "level": 0
    },
    "60187829080@s.whatsapp.net": {
      "rpg": false,
      "daftar": false,
      "vip": false,
      "badword": 0,
      "title": "",
      "serialNumber": "decdc6ff94664b5a75113209bce4d979",
      "nick": "robin",
      "nama": "Guest",
      "pacar": "",
      "askot": "",
      "umur": 0,
      "premium": false,
      "totalLimit": 20,
      "limit": 20,
      "uang": 1000,
      "lastclaim": 1743729194957,
      "lastrampok": 1743729194957,
      "pctime": 1743729194957,
      "coins": 0,
      "exp": 0,
      "rank": 700,
      "level": 0
    },
    "6289516943920@s.whatsapp.net": {
      "rpg": false,
      "daftar": false,
      "vip": false,
      "badword": 0,
      "title": "",
      "serialNumber": "016d65cbccfdc609ab3b9b5c36bebbe2",
      "nick": "ɴᴢᴇʟʟ",
      "nama": "Guest",
      "pacar": "",
      "askot": "",
      "umur": 0,
      "premium": false,
      "totalLimit": 20,
      "limit": 20,
      "uang": 1000,
      "lastclaim": 1743731253370,
      "lastrampok": 1743731253370,
      "pctime": "",
      "coins": 0,
      "exp": 0,
      "rank": 700,
      "level": 0
    },
    "6285943000621@s.whatsapp.net": {
      "rpg": false,
      "daftar": false,
      "vip": false,
      "badword": 0,
      "title": "",
      "serialNumber": "1333c986be0aeb1c72f0115360a984f1",
      "nick": "Fitri",
      "nama": "Guest",
      "pacar": "",
      "askot": "",
      "umur": 0,
      "premium": false,
      "totalLimit": 20,
      "limit": 20,
      "uang": 1000,
      "lastclaim": 1743731355302,
      "lastrampok": 1743731355302,
      "pctime": "",
      "coins": 0,
      "exp": 0,
      "rank": 700,
      "level": 0
    },
    "6285774574924@s.whatsapp.net": {
      "rpg": false,
      "daftar": false,
      "vip": false,
      "badword": 0,
      "title": "",
      "serialNumber": "5c45d543f88d9dbc11519f3406571e80",
      "nick": "aya bukan ayya",
      "nama": "Guest",
      "pacar": "",
      "askot": "",
      "umur": 0,
      "premium": false,
      "totalLimit": 20,
      "limit": 20,
      "uang": 1000,
      "lastclaim": 1743732598947,
      "lastrampok": 1743732598947,
      "pctime": "",
      "coins": 0,
      "exp": 0,
      "rank": 700,
      "level": 0
    },
    "6283824952390@s.whatsapp.net": {
      "rpg": false,
      "daftar": false,
      "vip": false,
      "badword": 0,
      "title": "",
      "serialNumber": "b3d724f7c3c76ccb154d426a2f03103f",
      "nick": "din",
      "nama": "Guest",
      "pacar": "",
      "askot": "",
      "umur": 0,
      "premium": false,
      "totalLimit": 20,
      "limit": 20,
      "uang": 1000,
      "lastclaim": 1743732837321,
      "lastrampok": 1743732837321,
      "pctime": "",
      "coins": 0,
      "exp": 0,
      "rank": 700,
      "level": 0
    },
    "855719623427@s.whatsapp.net": {
      "rpg": false,
      "daftar": false,
      "vip": false,
      "badword": 0,
      "title": "",
      "serialNumber": "ed010b8988a6cc39304a967de4ba5d09",
      "nick": "itsmeal",
      "nama": "Guest",
      "pacar": "",
      "askot": "",
      "umur": 0,
      "premium": false,
      "totalLimit": 20,
      "limit": 20,
      "uang": 1000,
      "lastclaim": 1743732998203,
      "lastrampok": 1743732998203,
      "pctime": "",
      "coins": 0,
      "exp": 0,
      "rank": 700,
      "level": 0
    },
    "6281315481050@s.whatsapp.net": {
      "rpg": false,
      "daftar": false,
      "vip": false,
      "badword": 0,
      "title": "",
      "serialNumber": "1e73d066445e147da681cd96631e1fad",
      "nick": "V.",
      "nama": "Guest",
      "pacar": "",
      "askot": "",
      "umur": 0,
      "premium": false,
      "totalLimit": 20,
      "limit": 20,
      "uang": 1000,
      "lastclaim": 1743734136128,
      "lastrampok": 1743734136128,
      "pctime": "",
      "coins": 0,
      "exp": 0,
      "rank": 700,
      "level": 0
    },
    "6285819515596@s.whatsapp.net": {
      "rpg": false,
      "daftar": false,
      "vip": false,
      "badword": 0,
      "title": "",
      "serialNumber": "7bb26d8cd4047c82f11305fccdc31f1c",
      "nick": "flowry2",
      "nama": "Guest",
      "pacar": "",
      "askot": "",
      "umur": 0,
      "premium": false,
      "totalLimit": 20,
      "limit": 20,
      "uang": 1000,
      "lastclaim": 1743736810974,
      "lastrampok": 1743736810974,
      "pctime": "",
      "coins": 0,
      "exp": 0,
      "rank": 700,
      "level": 0
    },
    "79910035272@s.whatsapp.net": {
      "rpg": false,
      "daftar": false,
      "vip": false,
      "badword": 0,
      "title": "",
      "serialNumber": "982df21c0a5e9353e61e8208268334a5",
      "nick": "Meong",
      "nama": "Guest",
      "pacar": "",
      "askot": "",
      "umur": 0,
      "premium": false,
      "totalLimit": 20,
      "limit": 20,
      "uang": 1000,
      "lastclaim": 1743738262165,
      "lastrampok": 1743738262165,
      "pctime": "",
      "coins": 0,
      "exp": 0,
      "rank": 700,
      "level": 0
    },
    "6285349302335@s.whatsapp.net": {
      "rpg": false,
      "daftar": false,
      "vip": false,
      "badword": 0,
      "title": "",
      "serialNumber": "57747f99639ce092d2dadab20d2c93eb",
      "nick": "nabilla",
      "nama": "Guest",
      "pacar": "",
      "askot": "",
      "umur": 0,
      "premium": false,
      "totalLimit": 20,
      "limit": 20,
      "uang": 1000,
      "lastclaim": 1743743062969,
      "lastrampok": 1743743062969,
      "pctime": "",
      "coins": 0,
      "exp": 0,
      "rank": 700,
      "level": 0
    },
    "85567522471@s.whatsapp.net": {
      "rpg": false,
      "daftar": false,
      "vip": false,
      "badword": 0,
      "title": "",
      "serialNumber": "ca4efbab899ce05a74b2d404f08f260e",
      "nick": "xven’zo",
      "nama": "Guest",
      "pacar": "",
      "askot": "",
      "umur": 0,
      "premium": false,
      "totalLimit": 20,
      "limit": 20,
      "uang": 1000,
      "lastclaim": 1743745953330,
      "lastrampok": 1743745953330,
      "pctime": "",
      "coins": 0,
      "exp": 0,
      "rank": 700,
      "level": 0
    },
    "62895321008608@s.whatsapp.net": {
      "rpg": false,
      "daftar": false,
      "vip": false,
      "badword": 0,
      "title": "",
      "serialNumber": "0733e4a76b4206ae0249ebd28d47f6b7",
      "nick": "~Stevenasep",
      "nama": "Guest",
      "pacar": "",
      "askot": "",
      "umur": 0,
      "premium": false,
      "totalLimit": 20,
      "limit": 20,
      "uang": 1000,
      "lastclaim": 1743745974222,
      "lastrampok": 1743745974222,
      "pctime": "",
      "coins": 0,
      "exp": 0,
      "rank": 700,
      "level": 0
    },
    "6283170061373@s.whatsapp.net": {
      "rpg": false,
      "daftar": false,
      "vip": false,
      "badword": 0,
      "title": "",
      "serialNumber": "2f109c18e74f315fe9d597a07b19fd9f",
      "nick": "cihuyy alcatraz",
      "nama": "Guest",
      "pacar": "",
      "askot": "",
      "umur": 0,
      "premium": false,
      "totalLimit": 20,
      "limit": 20,
      "uang": 1000,
      "lastclaim": 1743748360635,
      "lastrampok": 1743748360635,
      "pctime": "",
      "coins": 0,
      "exp": 0,
      "rank": 700,
      "level": 0
    },
    "6282227077475@s.whatsapp.net": {
      "rpg": false,
      "daftar": false,
      "vip": false,
      "badword": 0,
      "title": "",
      "serialNumber": "cfe113e0a79ebe6ad66d0be40acb1d68",
      "nick": "bar in here_",
      "nama": "Guest",
      "pacar": "",
      "askot": "",
      "umur": 0,
      "premium": false,
      "totalLimit": 20,
      "limit": 20,
      "uang": 1000,
      "lastclaim": 1743763645172,
      "lastrampok": 1743763645172,
      "pctime": "",
      "coins": 0,
      "exp": 0,
      "rank": 700,
      "level": 0
    },
    "6289512475879@s.whatsapp.net": {
      "rpg": false,
      "daftar": false,
      "vip": false,
      "badword": 0,
      "title": "",
      "serialNumber": "e9222981f9528cd2f2442ebb104f3d23",
      "nick": "d",
      "nama": "Guest",
      "pacar": "",
      "askot": "",
      "umur": 0,
      "premium": false,
      "totalLimit": 20,
      "limit": 20,
      "uang": 1000,
      "lastclaim": 1743772997609,
      "lastrampok": 1743772997609,
      "pctime": "",
      "coins": 0,
      "exp": 0,
      "rank": 700,
      "level": 0
    },
    "6287887459800@s.whatsapp.net": {
      "rpg": false,
      "daftar": false,
      "vip": false,
      "badword": 0,
      "title": "",
      "serialNumber": "1f123f1118579fdde7775aa05a28aec3",
      "nick": "vira",
      "nama": "Guest",
      "pacar": "",
      "askot": "",
      "umur": 0,
      "premium": false,
      "totalLimit": 20,
      "limit": 20,
      "uang": 1000,
      "lastclaim": 1743777800121,
      "lastrampok": 1743777800121,
      "pctime": "",
      "coins": 0,
      "exp": 0,
      "rank": 700,
      "level": 0
    },
    "6285697729522@s.whatsapp.net": {
      "rpg": false,
      "daftar": false,
      "vip": false,
      "badword": 0,
      "title": "",
      "serialNumber": "e33327070680e489904e8bb982031aa8",
      "nick": "𝓣𝓮𝓰𝓾𝓱 𝓢𝓲𝓵𝓪𝓱𝓾𝓭𝓲𝓷",
      "nama": "Guest",
      "pacar": "",
      "askot": "",
      "umur": 0,
      "premium": false,
      "totalLimit": 20,
      "limit": 20,
      "uang": 1000,
      "lastclaim": 1743778846704,
      "lastrampok": 1743778846704,
      "pctime": "",
      "coins": 0,
      "exp": 0,
      "rank": 700,
      "level": 0
    },
    "6282276180934@s.whatsapp.net": {
      "rpg": false,
      "daftar": false,
      "vip": false,
      "badword": 0,
      "title": "",
      "serialNumber": "51bea37c6dd818f90c21ebe62fc09160",
      "nick": "dengnr.?",
      "nama": "Guest",
      "pacar": "",
      "askot": "",
      "umur": 0,
      "premium": false,
      "totalLimit": 20,
      "limit": 20,
      "uang": 1000,
      "lastclaim": 1743779864338,
      "lastrampok": 1743779864338,
      "pctime": "",
      "coins": 0,
      "exp": 0,
      "rank": 700,
      "level": 0
    },
    "6281210189737@s.whatsapp.net": {
      "rpg": false,
      "daftar": false,
      "vip": false,
      "badword": 0,
      "title": "",
      "serialNumber": "b4ffc67bc02795df702462deaf19e874",
      "nick": "pemuda hijrah",
      "nama": "Guest",
      "pacar": "",
      "askot": "",
      "umur": 0,
      "premium": false,
      "totalLimit": 20,
      "limit": 20,
      "uang": 1000,
      "lastclaim": 1743779991253,
      "lastrampok": 1743779991253,
      "pctime": "",
      "coins": 0,
      "exp": 0,
      "rank": 700,
      "level": 0
    },
    "6283892969926@s.whatsapp.net": {
      "rpg": false,
      "daftar": false,
      "vip": false,
      "badword": 0,
      "title": "",
      "serialNumber": "e9722851bde266a48f75723c2a6a9621",
      "nick": "7ky",
      "nama": "Guest",
      "pacar": "",
      "askot": "",
      "umur": 0,
      "premium": false,
      "totalLimit": 20,
      "limit": 20,
      "uang": 1000,
      "lastclaim": 1743784697097,
      "lastrampok": 1743784697097,
      "pctime": "",
      "coins": 0,
      "exp": 0,
      "rank": 700,
      "level": 0
    },
    "6285727568943@s.whatsapp.net": {
      "rpg": false,
      "daftar": false,
      "vip": false,
      "badword": 0,
      "title": "",
      "serialNumber": "9b7eaeff8a515407ccab024e43708bdd",
      "nick": "bjir cia",
      "nama": "Guest",
      "pacar": "",
      "askot": "",
      "umur": 0,
      "premium": false,
      "totalLimit": 20,
      "limit": 20,
      "uang": 1000,
      "lastclaim": 1743785950044,
      "lastrampok": 1743785950044,
      "pctime": "",
      "coins": 0,
      "exp": 0,
      "rank": 700,
      "level": 0
    },
    "6282284457830@s.whatsapp.net": {
      "rpg": false,
      "daftar": false,
      "vip": false,
      "badword": 3,
      "title": "",
      "serialNumber": "9a1aed7e0acd66ac7dd436095f8bffb5",
      "nick": "RASYA✘",
      "nama": "Guest",
      "pacar": "",
      "askot": "",
      "umur": 0,
      "premium": false,
      "totalLimit": 20,
      "limit": 20,
      "uang": 1000,
      "lastclaim": 1743788237118,
      "lastrampok": 1743788237118,
      "pctime": "",
      "coins": 0,
      "exp": 0,
      "rank": 700,
      "level": 0
    }
  },
  "database": {},
  "chats": {
    "6285655548594@s.whatsapp.net": {
      "badword": false,
      "antiforeignnum": false,
      "antiviewonce": false,
      "autoaipc": false,
      "autoaigc": false,
      "antibot": false,
      "antispam": false,
      "antimedia": false,
      "antiimage": false,
      "antivideo": false,
      "antiaudio": false,
      "antisticker": false,
      "anticontact": false,
      "antilocation": false,
      "antidocument": false,
      "antilink": false,
      "antilinkgc": false,
      "mute": false,
      "setwelcome": false,
      "setleft": false,
      "liststore": {}
    },
    "120363364330631981@newsletter": {
      "badword": false,
      "antiforeignnum": false,
      "antiviewonce": false,
      "autoaipc": false,
      "autoaigc": false,
      "antibot": false,
      "antispam": false,
      "antimedia": false,
      "antiimage": false,
      "antivideo": false,
      "antiaudio": false,
      "antisticker": false,
      "anticontact": false,
      "antilocation": false,
      "antidocument": false,
      "antilink": false,
      "antilinkgc": false,
      "mute": false,
      "setwelcome": false,
      "setleft": false,
      "liststore": {}
    },
    "120363372111850676@newsletter": {
      "badword": false,
      "antiforeignnum": false,
      "antiviewonce": false,
      "autoaipc": false,
      "autoaigc": false,
      "antibot": false,
      "antispam": false,
      "antimedia": false,
      "antiimage": false,
      "antivideo": false,
      "antiaudio": false,
      "antisticker": false,
      "anticontact": false,
      "antilocation": false,
      "antidocument": false,
      "antilink": false,
      "antilinkgc": false,
      "mute": false,
      "setwelcome": false,
      "setleft": false,
      "liststore": {}
    },
    "48539748178@s.whatsapp.net": {
      "badword": false,
      "antiforeignnum": false,
      "antiviewonce": false,
      "autoaipc": false,
      "autoaigc": false,
      "antibot": false,
      "antispam": false,
      "antimedia": false,
      "antiimage": false,
      "antivideo": false,
      "antiaudio": false,
      "antisticker": false,
      "anticontact": false,
      "antilocation": false,
      "antidocument": false,
      "antilink": false,
      "antilinkgc": false,
      "mute": false,
      "setwelcome": false,
      "setleft": false,
      "liststore": {}
    },
    "6287778002663@s.whatsapp.net": {
      "badword": false,
      "antiforeignnum": false,
      "antiviewonce": false,
      "autoaipc": false,
      "autoaigc": false,
      "antibot": false,
      "antispam": false,
      "antimedia": false,
      "antiimage": false,
      "antivideo": false,
      "antiaudio": false,
      "antisticker": false,
      "anticontact": false,
      "antilocation": false,
      "antidocument": false,
      "antilink": false,
      "antilinkgc": false,
      "mute": false,
      "setwelcome": false,
      "setleft": false,
      "liststore": {}
    },
    "6282137829041@s.whatsapp.net": {
      "badword": false,
      "antiforeignnum": false,
      "antiviewonce": false,
      "autoaipc": false,
      "autoaigc": false,
      "antibot": false,
      "antispam": false,
      "antimedia": false,
      "antiimage": false,
      "antivideo": false,
      "antiaudio": false,
      "antisticker": false,
      "anticontact": false,
      "antilocation": false,
      "antidocument": false,
      "antilink": false,
      "antilinkgc": false,
      "mute": false,
      "setwelcome": false,
      "setleft": false,
      "liststore": {}
    },
    "6287740102292@s.whatsapp.net": {
      "badword": false,
      "antiforeignnum": false,
      "antiviewonce": false,
      "autoaipc": false,
      "autoaigc": false,
      "antibot": false,
      "antispam": false,
      "antimedia": false,
      "antiimage": false,
      "antivideo": false,
      "antiaudio": false,
      "antisticker": false,
      "anticontact": false,
      "antilocation": false,
      "antidocument": false,
      "antilink": false,
      "antilinkgc": false,
      "mute": false,
      "setwelcome": false,
      "setleft": false,
      "liststore": {}
    },
    "6285934760269@s.whatsapp.net": {
      "badword": false,
      "antiforeignnum": false,
      "antiviewonce": false,
      "autoaipc": false,
      "autoaigc": false,
      "antibot": false,
      "antispam": false,
      "antimedia": false,
      "antiimage": false,
      "antivideo": false,
      "antiaudio": false,
      "antisticker": false,
      "anticontact": false,
      "antilocation": false,
      "antidocument": false,
      "antilink": false,
      "antilinkgc": false,
      "mute": false,
      "setwelcome": false,
      "setleft": false,
      "liststore": {}
    },
    "120363415603332542@newsletter": {
      "badword": false,
      "antiforeignnum": false,
      "antiviewonce": false,
      "autoaipc": false,
      "autoaigc": false,
      "antibot": false,
      "antispam": false,
      "antimedia": false,
      "antiimage": false,
      "antivideo": false,
      "antiaudio": false,
      "antisticker": false,
      "anticontact": false,
      "antilocation": false,
      "antidocument": false,
      "antilink": false,
      "antilinkgc": false,
      "mute": false,
      "setwelcome": false,
      "setleft": false,
      "liststore": {}
    },
    "120363399102416595@newsletter": {
      "badword": false,
      "antiforeignnum": false,
      "antiviewonce": false,
      "autoaipc": false,
      "autoaigc": false,
      "antibot": false,
      "antispam": false,
      "antimedia": false,
      "antiimage": false,
      "antivideo": false,
      "antiaudio": false,
      "antisticker": false,
      "anticontact": false,
      "antilocation": false,
      "antidocument": false,
      "antilink": false,
      "antilinkgc": false,
      "mute": false,
      "setwelcome": false,
      "setleft": false,
      "liststore": {}
    },
    "120363390836115868@g.us": {
      "badword": false,
      "antiforeignnum": false,
      "antiviewonce": false,
      "autoaipc": false,
      "autoaigc": false,
      "antibot": false,
      "antispam": false,
      "antimedia": false,
      "antiimage": false,
      "antivideo": false,
      "antiaudio": false,
      "antisticker": false,
      "anticontact": false,
      "antilocation": false,
      "antidocument": false,
      "antilink": false,
      "antilinkgc": false,
      "mute": false,
      "setwelcome": false,
      "setleft": false,
      "liststore": {}
    },
    "120363366790950043@newsletter": {
      "badword": false,
      "antiforeignnum": false,
      "antiviewonce": false,
      "autoaipc": false,
      "autoaigc": false,
      "antibot": false,
      "antispam": false,
      "antimedia": false,
      "antiimage": false,
      "antivideo": false,
      "antiaudio": false,
      "antisticker": false,
      "anticontact": false,
      "antilocation": false,
      "antidocument": false,
      "antilink": false,
      "antilinkgc": false,
      "mute": false,
      "setwelcome": false,
      "setleft": false,
      "liststore": {}
    },
    "120363410522280713@newsletter": {
      "badword": false,
      "antiforeignnum": false,
      "antiviewonce": false,
      "autoaipc": false,
      "autoaigc": false,
      "antibot": false,
      "antispam": false,
      "antimedia": false,
      "antiimage": false,
      "antivideo": false,
      "antiaudio": false,
      "antisticker": false,
      "anticontact": false,
      "antilocation": false,
      "antidocument": false,
      "antilink": false,
      "antilinkgc": false,
      "mute": false,
      "setwelcome": false,
      "setleft": false,
      "liststore": {}
    },
    "120363399102416595@s.whatsapp.net": {
      "badword": false,
      "antiforeignnum": false,
      "antiviewonce": false,
      "autoaipc": false,
      "autoaigc": false,
      "antibot": false,
      "antispam": false,
      "antimedia": false,
      "antiimage": false,
      "antivideo": false,
      "antiaudio": false,
      "antisticker": false,
      "anticontact": false,
      "antilocation": false,
      "antidocument": false,
      "antilink": false,
      "antilinkgc": false,
      "mute": false,
      "setwelcome": false,
      "setleft": false,
      "liststore": {}
    },
    "120363402246418667@newsletter": {
      "badword": false,
      "antiforeignnum": false,
      "antiviewonce": false,
      "autoaipc": false,
      "autoaigc": false,
      "antibot": false,
      "antispam": false,
      "antimedia": false,
      "antiimage": false,
      "antivideo": false,
      "antiaudio": false,
      "antisticker": false,
      "anticontact": false,
      "antilocation": false,
      "antidocument": false,
      "antilink": false,
      "antilinkgc": false,
      "mute": false,
      "setwelcome": false,
      "setleft": false,
      "liststore": {}
    },
    "120363333225047674@g.us": {
      "badword": false,
      "antiforeignnum": false,
      "antiviewonce": false,
      "autoaipc": false,
      "autoaigc": false,
      "antibot": false,
      "antispam": false,
      "antimedia": false,
      "antiimage": false,
      "antivideo": false,
      "antiaudio": false,
      "antisticker": false,
      "anticontact": false,
      "antilocation": false,
      "antidocument": false,
      "antilink": false,
      "antilinkgc": false,
      "mute": false,
      "setwelcome": false,
      "setleft": false,
      "liststore": {}
    },
    "6285154030539@s.whatsapp.net": {
      "badword": false,
      "antiforeignnum": false,
      "antiviewonce": false,
      "autoaipc": false,
      "autoaigc": false,
      "antibot": false,
      "antispam": false,
      "antimedia": false,
      "antiimage": false,
      "antivideo": false,
      "antiaudio": false,
      "antisticker": false,
      "anticontact": false,
      "antilocation": false,
      "antidocument": false,
      "antilink": false,
      "antilinkgc": false,
      "mute": false,
      "setwelcome": false,
      "setleft": false,
      "liststore": {}
    },
    "60187829080@s.whatsapp.net": {
      "badword": false,
      "antiforeignnum": false,
      "antiviewonce": false,
      "autoaipc": false,
      "autoaigc": false,
      "antibot": false,
      "antispam": false,
      "antimedia": false,
      "antiimage": false,
      "antivideo": false,
      "antiaudio": false,
      "antisticker": false,
      "anticontact": false,
      "antilocation": false,
      "antidocument": false,
      "antilink": false,
      "antilinkgc": false,
      "mute": false,
      "setwelcome": false,
      "setleft": false,
      "liststore": {}
    },
    "120363408649715932@g.us": {
      "badword": false,
      "antiforeignnum": false,
      "antiviewonce": false,
      "autoaipc": false,
      "autoaigc": false,
      "antibot": false,
      "antispam": false,
      "antimedia": false,
      "antiimage": false,
      "antivideo": false,
      "antiaudio": false,
      "antisticker": false,
      "anticontact": false,
      "antilocation": false,
      "antidocument": false,
      "antilink": false,
      "antilinkgc": false,
      "mute": false,
      "setwelcome": false,
      "setleft": false,
      "liststore": {}
    },
    "855889492335@s.whatsapp.net": {
      "badword": false,
      "antiforeignnum": false,
      "antiviewonce": false,
      "autoaipc": false,
      "autoaigc": false,
      "antibot": false,
      "antispam": false,
      "antimedia": false,
      "antiimage": false,
      "antivideo": false,
      "antiaudio": false,
      "antisticker": false,
      "anticontact": false,
      "antilocation": false,
      "antidocument": false,
      "antilink": false,
      "antilinkgc": false,
      "mute": false,
      "setwelcome": false,
      "setleft": false,
      "liststore": {}
    }
  },
  "game": {},
  "settings": {
    "6283856877894@s.whatsapp.net": {
      "totalhit": 0,
      "totalError": 0,
      "online": false,
      "safesearch": false,
      "autosticker": false,
      "autodownload": false,
      "autobio": false,
      "autoread": false,
      "autorecordtype": false,
      "autorecord": false,
      "autotype": false,
      "autoblocknum": false,
      "onlygc": false,
      "onlypc": false,
      "watermark": {
        "packname": "Mora AI",
        "author": "Meta Company"
      },
      "about": {
        "bot": {
          "nick": "RyzenOFC",
          "alias": "Mora AI"
        },
        "owner": {
          "nick": "Who's Ryzén?",
          "alias": "6285655548594"
        }
      }
    },
    "48539748178@s.whatsapp.net": {
      "totalhit": 0,
      "totalError": 0,
      "online": false,
      "safesearch": false,
      "autosticker": false,
      "autodownload": false,
      "autobio": false,
      "autoread": false,
      "autorecordtype": false,
      "autorecord": false,
      "autotype": false,
      "autoblocknum": false,
      "onlygc": false,
      "onlypc": false,
      "watermark": {
        "packname": "Hu Tao Md",
        "author": "DE4YOU"
      },
      "about": {
        "bot": {
          "nick": "+48 539 748 178",
          "alias": "Hu Tao Md"
        },
        "owner": {
          "nick": "+62 877-7800-2663",
          "alias": "6287778002663"
        }
      }
    },
    "6287778002663@s.whatsapp.net": {
      "totalhit": 0,
      "totalError": 0,
      "online": false,
      "safesearch": false,
      "autosticker": false,
      "autodownload": false,
      "autobio": false,
      "autoread": false,
      "autorecordtype": false,
      "autorecord": false,
      "autotype": false,
      "autoblocknum": false,
      "onlygc": false,
      "onlypc": false,
      "watermark": {
        "packname": "Hu Tao Md",
        "author": "DE4YOU"
      },
      "about": {
        "bot": {
          "nick": "de4you",
          "alias": "Hu Tao Md"
        },
        "owner": {
          "nick": "de4you",
          "alias": "6287778002663"
        }
      }
    },
    "6285934760269@s.whatsapp.net": {
      "totalhit": 0,
      "totalError": 0,
      "online": true,
      "safesearch": false,
      "autosticker": false,
      "autodownload": false,
      "autobio": false,
      "autoread": true,
      "autorecordtype": false,
      "autorecord": true,
      "autotype": false,
      "autoblocknum": false,
      "onlygc": false,
      "onlypc": false,
      "watermark": {
        "packname": "AsisTen Human v4",
        "author": "Inisial D.W.Ms"
      },
      "about": {
        "bot": {
          "nick": "kokorey",
          "alias": "AsisTen Human v4"
        },
        "owner": {
          "nick": "+62 821-3782-9041",
          "alias": "6282137829041"
        }
      }
    },
    "855889492335@s.whatsapp.net": {
      "totalhit": 0,
      "totalError": 0,
      "online": false,
      "safesearch": false,
      "autosticker": false,
      "autodownload": false,
      "autobio": false,
      "autoread": false,
      "autorecordtype": false,
      "autorecord": false,
      "autotype": false,
      "autoblocknum": false,
      "onlygc": false,
      "onlypc": false,
      "watermark": {
        "packname": "AsisTen Human v4",
        "author": "Inisial D.W.Ms"
      },
      "about": {
        "bot": {
          "nick": "+855 88 949 2335",
          "alias": "AsisTen Human v4"
        },
        "owner": {
          "nick": "+62 821-3782-9041",
          "alias": "6282137829041"
        }
      }
    }
  },
  "message": {},
  "rpg": {
    "6285655548594@s.whatsapp.net": {
      "kapal": false,
      "darahkapal": 100,
      "pickaxe": false,
      "darahpickaxe": 100,
      "kapak": false,
      "darahkapak": 100,
      "bzirah": false,
      "darahbzirah": 100,
      "pedang": false,
      "darahpedang": 100,
      "darahuser": 100,
      "rumah": 0,
      "besi": 4,
      "kayu": 2,
      "emas": 0,
      "perak": 0,
      "batubara": 0,
      "bulu": 0,
      "kain": 0,
      "wilayah": "Indonesia",
      "wilayahrumah": "Indonesia",
      "musuh": 0,
      "ikan": 0,
      "domba": 0,
      "sapi": 0,
      "ayam": 0,
      "bank": 0,
      "burutime": 0,
      "lastclaim": 0,
      "lastdagang": 0,
      "lastbansos": 0,
      "lastkerja": 0,
      "lastrampok": 0
    },
    "6283856877894@s.whatsapp.net": {
      "kapal": false,
      "darahkapal": 100,
      "pickaxe": false,
      "darahpickaxe": 100,
      "kapak": false,
      "darahkapak": 100,
      "bzirah": false,
      "darahbzirah": 100,
      "pedang": false,
      "darahpedang": 100,
      "darahuser": 100,
      "rumah": 0,
      "besi": 4,
      "kayu": 2,
      "emas": 0,
      "perak": 0,
      "batubara": 0,
      "bulu": 0,
      "kain": 0,
      "wilayah": "Indonesia",
      "wilayahrumah": "Indonesia",
      "musuh": 0,
      "ikan": 0,
      "domba": 0,
      "sapi": 0,
      "ayam": 0,
      "bank": 0,
      "burutime": 0,
      "lastclaim": 0,
      "lastdagang": 0,
      "lastbansos": 0,
      "lastkerja": 0,
      "lastrampok": 0
    },
    "120363364330631981@newsletter": {
      "kapal": false,
      "darahkapal": 100,
      "pickaxe": false,
      "darahpickaxe": 100,
      "kapak": false,
      "darahkapak": 100,
      "bzirah": false,
      "darahbzirah": 100,
      "pedang": false,
      "darahpedang": 100,
      "darahuser": 100,
      "rumah": 0,
      "besi": 4,
      "kayu": 2,
      "emas": 0,
      "perak": 0,
      "batubara": 0,
      "bulu": 0,
      "kain": 0,
      "wilayah": "Indonesia",
      "wilayahrumah": "Indonesia",
      "musuh": 0,
      "ikan": 0,
      "domba": 0,
      "sapi": 0,
      "ayam": 0,
      "bank": 0,
      "burutime": 0,
      "lastclaim": 0,
      "lastdagang": 0,
      "lastbansos": 0,
      "lastkerja": 0,
      "lastrampok": 0
    },
    "120363372111850676@newsletter": {
      "kapal": false,
      "darahkapal": 100,
      "pickaxe": false,
      "darahpickaxe": 100,
      "kapak": false,
      "darahkapak": 100,
      "bzirah": false,
      "darahbzirah": 100,
      "pedang": false,
      "darahpedang": 100,
      "darahuser": 100,
      "rumah": 0,
      "besi": 4,
      "kayu": 2,
      "emas": 0,
      "perak": 0,
      "batubara": 0,
      "bulu": 0,
      "kain": 0,
      "wilayah": "Indonesia",
      "wilayahrumah": "Indonesia",
      "musuh": 0,
      "ikan": 0,
      "domba": 0,
      "sapi": 0,
      "ayam": 0,
      "bank": 0,
      "burutime": 0,
      "lastclaim": 0,
      "lastdagang": 0,
      "lastbansos": 0,
      "lastkerja": 0,
      "lastrampok": 0
    },
    "48539748178@s.whatsapp.net": {
      "kapal": false,
      "darahkapal": 100,
      "pickaxe": false,
      "darahpickaxe": 100,
      "kapak": false,
      "darahkapak": 100,
      "bzirah": false,
      "darahbzirah": 100,
      "pedang": false,
      "darahpedang": 100,
      "darahuser": 100,
      "rumah": 0,
      "besi": 4,
      "kayu": 2,
      "emas": 0,
      "perak": 0,
      "batubara": 0,
      "bulu": 0,
      "kain": 0,
      "wilayah": "Indonesia",
      "wilayahrumah": "Indonesia",
      "musuh": 0,
      "ikan": 0,
      "domba": 0,
      "sapi": 0,
      "ayam": 0,
      "bank": 0,
      "burutime": 0,
      "lastclaim": 0,
      "lastdagang": 0,
      "lastbansos": 0,
      "lastkerja": 0,
      "lastrampok": 0
    },
    "6287778002663@s.whatsapp.net": {
      "kapal": false,
      "darahkapal": 100,
      "pickaxe": false,
      "darahpickaxe": 100,
      "kapak": false,
      "darahkapak": 100,
      "bzirah": false,
      "darahbzirah": 100,
      "pedang": false,
      "darahpedang": 100,
      "darahuser": 100,
      "rumah": 0,
      "besi": 4,
      "kayu": 2,
      "emas": 0,
      "perak": 0,
      "batubara": 0,
      "bulu": 0,
      "kain": 0,
      "wilayah": "Indonesia",
      "wilayahrumah": "Indonesia",
      "musuh": 0,
      "ikan": 0,
      "domba": 0,
      "sapi": 0,
      "ayam": 0,
      "bank": 0,
      "burutime": 0,
      "lastclaim": 0,
      "lastdagang": 0,
      "lastbansos": 0,
      "lastkerja": 0,
      "lastrampok": 0
    },
    "6285934760269@s.whatsapp.net": {
      "kapal": false,
      "darahkapal": 100,
      "pickaxe": false,
      "darahpickaxe": 100,
      "kapak": false,
      "darahkapak": 100,
      "bzirah": false,
      "darahbzirah": 100,
      "pedang": false,
      "darahpedang": 100,
      "darahuser": 100,
      "rumah": 0,
      "besi": 4,
      "kayu": 2,
      "emas": 0,
      "perak": 0,
      "batubara": 0,
      "bulu": 0,
      "kain": 0,
      "wilayah": "Indonesia",
      "wilayahrumah": "Indonesia",
      "musuh": 0,
      "ikan": 0,
      "domba": 0,
      "sapi": 0,
      "ayam": 0,
      "bank": 0,
      "burutime": 0,
      "lastclaim": 0,
      "lastdagang": 0,
      "lastbansos": 0,
      "lastkerja": 0,
      "lastrampok": 0
    },
    "6282137829041@s.whatsapp.net": {
      "kapal": false,
      "darahkapal": 100,
      "pickaxe": false,
      "darahpickaxe": 100,
      "kapak": false,
      "darahkapak": 100,
      "bzirah": false,
      "darahbzirah": 100,
      "pedang": false,
      "darahpedang": 100,
      "darahuser": 100,
      "rumah": 0,
      "besi": 4,
      "kayu": 2,
      "emas": 0,
      "perak": 0,
      "batubara": 0,
      "bulu": 0,
      "kain": 0,
      "wilayah": "Indonesia",
      "wilayahrumah": "Indonesia",
      "musuh": 0,
      "ikan": 0,
      "domba": 0,
      "sapi": 0,
      "ayam": 0,
      "bank": 0,
      "burutime": 0,
      "lastclaim": 0,
      "lastdagang": 0,
      "lastbansos": 0,
      "lastkerja": 0,
      "lastrampok": 0
    },
    "6287740102292@s.whatsapp.net": {
      "kapal": false,
      "darahkapal": 100,
      "pickaxe": false,
      "darahpickaxe": 100,
      "kapak": false,
      "darahkapak": 100,
      "bzirah": false,
      "darahbzirah": 100,
      "pedang": false,
      "darahpedang": 100,
      "darahuser": 100,
      "rumah": 0,
      "besi": 4,
      "kayu": 2,
      "emas": 0,
      "perak": 0,
      "batubara": 0,
      "bulu": 0,
      "kain": 0,
      "wilayah": "Indonesia",
      "wilayahrumah": "Indonesia",
      "musuh": 0,
      "ikan": 0,
      "domba": 0,
      "sapi": 0,
      "ayam": 0,
      "bank": 0,
      "burutime": 0,
      "lastclaim": 0,
      "lastdagang": 0,
      "lastbansos": 0,
      "lastkerja": 0,
      "lastrampok": 0
    },
    "120363415603332542@newsletter": {
      "kapal": false,
      "darahkapal": 100,
      "pickaxe": false,
      "darahpickaxe": 100,
      "kapak": false,
      "darahkapak": 100,
      "bzirah": false,
      "darahbzirah": 100,
      "pedang": false,
      "darahpedang": 100,
      "darahuser": 100,
      "rumah": 0,
      "besi": 4,
      "kayu": 2,
      "emas": 0,
      "perak": 0,
      "batubara": 0,
      "bulu": 0,
      "kain": 0,
      "wilayah": "Indonesia",
      "wilayahrumah": "Indonesia",
      "musuh": 0,
      "ikan": 0,
      "domba": 0,
      "sapi": 0,
      "ayam": 0,
      "bank": 0,
      "burutime": 0,
      "lastclaim": 0,
      "lastdagang": 0,
      "lastbansos": 0,
      "lastkerja": 0,
      "lastrampok": 0
    },
    "120363399102416595@newsletter": {
      "kapal": false,
      "darahkapal": 100,
      "pickaxe": false,
      "darahpickaxe": 100,
      "kapak": false,
      "darahkapak": 100,
      "bzirah": false,
      "darahbzirah": 100,
      "pedang": false,
      "darahpedang": 100,
      "darahuser": 100,
      "rumah": 0,
      "besi": 4,
      "kayu": 2,
      "emas": 0,
      "perak": 0,
      "batubara": 0,
      "bulu": 0,
      "kain": 0,
      "wilayah": "Indonesia",
      "wilayahrumah": "Indonesia",
      "musuh": 0,
      "ikan": 0,
      "domba": 0,
      "sapi": 0,
      "ayam": 0,
      "bank": 0,
      "burutime": 0,
      "lastclaim": 0,
      "lastdagang": 0,
      "lastbansos": 0,
      "lastkerja": 0,
      "lastrampok": 0
    },
    "6285883533187@s.whatsapp.net": {
      "kapal": false,
      "darahkapal": 100,
      "pickaxe": false,
      "darahpickaxe": 100,
      "kapak": false,
      "darahkapak": 100,
      "bzirah": false,
      "darahbzirah": 100,
      "pedang": false,
      "darahpedang": 100,
      "darahuser": 100,
      "rumah": 0,
      "besi": 4,
      "kayu": 2,
      "emas": 0,
      "perak": 0,
      "batubara": 0,
      "bulu": 0,
      "kain": 0,
      "wilayah": "Indonesia",
      "wilayahrumah": "Indonesia",
      "musuh": 0,
      "ikan": 0,
      "domba": 0,
      "sapi": 0,
      "ayam": 0,
      "bank": 0,
      "burutime": 0,
      "lastclaim": 0,
      "lastdagang": 0,
      "lastbansos": 0,
      "lastkerja": 0,
      "lastrampok": 0
    },
    "6281367724763@s.whatsapp.net": {
      "kapal": false,
      "darahkapal": 100,
      "pickaxe": false,
      "darahpickaxe": 100,
      "kapak": false,
      "darahkapak": 100,
      "bzirah": false,
      "darahbzirah": 100,
      "pedang": false,
      "darahpedang": 100,
      "darahuser": 100,
      "rumah": 0,
      "besi": 4,
      "kayu": 2,
      "emas": 0,
      "perak": 0,
      "batubara": 0,
      "bulu": 0,
      "kain": 0,
      "wilayah": "Indonesia",
      "wilayahrumah": "Indonesia",
      "musuh": 0,
      "ikan": 0,
      "domba": 0,
      "sapi": 0,
      "ayam": 0,
      "bank": 0,
      "burutime": 0,
      "lastclaim": 0,
      "lastdagang": 0,
      "lastbansos": 0,
      "lastkerja": 0,
      "lastrampok": 0
    },
    "120363366790950043@newsletter": {
      "kapal": false,
      "darahkapal": 100,
      "pickaxe": false,
      "darahpickaxe": 100,
      "kapak": false,
      "darahkapak": 100,
      "bzirah": false,
      "darahbzirah": 100,
      "pedang": false,
      "darahpedang": 100,
      "darahuser": 100,
      "rumah": 0,
      "besi": 4,
      "kayu": 2,
      "emas": 0,
      "perak": 0,
      "batubara": 0,
      "bulu": 0,
      "kain": 0,
      "wilayah": "Indonesia",
      "wilayahrumah": "Indonesia",
      "musuh": 0,
      "ikan": 0,
      "domba": 0,
      "sapi": 0,
      "ayam": 0,
      "bank": 0,
      "burutime": 0,
      "lastclaim": 0,
      "lastdagang": 0,
      "lastbansos": 0,
      "lastkerja": 0,
      "lastrampok": 0
    },
    "6285647026769@s.whatsapp.net": {
      "kapal": false,
      "darahkapal": 100,
      "pickaxe": false,
      "darahpickaxe": 100,
      "kapak": false,
      "darahkapak": 100,
      "bzirah": false,
      "darahbzirah": 100,
      "pedang": false,
      "darahpedang": 100,
      "darahuser": 100,
      "rumah": 0,
      "besi": 4,
      "kayu": 2,
      "emas": 0,
      "perak": 0,
      "batubara": 0,
      "bulu": 0,
      "kain": 0,
      "wilayah": "Indonesia",
      "wilayahrumah": "Indonesia",
      "musuh": 0,
      "ikan": 0,
      "domba": 0,
      "sapi": 0,
      "ayam": 0,
      "bank": 0,
      "burutime": 0,
      "lastclaim": 0,
      "lastdagang": 0,
      "lastbansos": 0,
      "lastkerja": 0,
      "lastrampok": 0
    },
    "120363410522280713@newsletter": {
      "kapal": false,
      "darahkapal": 100,
      "pickaxe": false,
      "darahpickaxe": 100,
      "kapak": false,
      "darahkapak": 100,
      "bzirah": false,
      "darahbzirah": 100,
      "pedang": false,
      "darahpedang": 100,
      "darahuser": 100,
      "rumah": 0,
      "besi": 4,
      "kayu": 2,
      "emas": 0,
      "perak": 0,
      "batubara": 0,
      "bulu": 0,
      "kain": 0,
      "wilayah": "Indonesia",
      "wilayahrumah": "Indonesia",
      "musuh": 0,
      "ikan": 0,
      "domba": 0,
      "sapi": 0,
      "ayam": 0,
      "bank": 0,
      "burutime": 0,
      "lastclaim": 0,
      "lastdagang": 0,
      "lastbansos": 0,
      "lastkerja": 0,
      "lastrampok": 0
    },
    "120363402246418667@newsletter": {
      "kapal": false,
      "darahkapal": 100,
      "pickaxe": false,
      "darahpickaxe": 100,
      "kapak": false,
      "darahkapak": 100,
      "bzirah": false,
      "darahbzirah": 100,
      "pedang": false,
      "darahpedang": 100,
      "darahuser": 100,
      "rumah": 0,
      "besi": 4,
      "kayu": 2,
      "emas": 0,
      "perak": 0,
      "batubara": 0,
      "bulu": 0,
      "kain": 0,
      "wilayah": "Indonesia",
      "wilayahrumah": "Indonesia",
      "musuh": 0,
      "ikan": 0,
      "domba": 0,
      "sapi": 0,
      "ayam": 0,
      "bank": 0,
      "burutime": 0,
      "lastclaim": 0,
      "lastdagang": 0,
      "lastbansos": 0,
      "lastkerja": 0,
      "lastrampok": 0
    },
    "855889492335@s.whatsapp.net": {
      "kapal": false,
      "darahkapal": 100,
      "pickaxe": false,
      "darahpickaxe": 100,
      "kapak": false,
      "darahkapak": 100,
      "bzirah": false,
      "darahbzirah": 100,
      "pedang": false,
      "darahpedang": 100,
      "darahuser": 100,
      "rumah": 0,
      "besi": 4,
      "kayu": 2,
      "emas": 0,
      "perak": 0,
      "batubara": 0,
      "bulu": 0,
      "kain": 0,
      "wilayah": "Indonesia",
      "wilayahrumah": "Indonesia",
      "musuh": 0,
      "ikan": 0,
      "domba": 0,
      "sapi": 0,
      "ayam": 0,
      "bank": 0,
      "burutime": 0,
      "lastclaim": 0,
      "lastdagang": 0,
      "lastbansos": 0,
      "lastkerja": 0,
      "lastrampok": 0
    },
    "6285787320864@s.whatsapp.net": {
      "kapal": false,
      "darahkapal": 100,
      "pickaxe": false,
      "darahpickaxe": 100,
      "kapak": false,
      "darahkapak": 100,
      "bzirah": false,
      "darahbzirah": 100,
      "pedang": false,
      "darahpedang": 100,
      "darahuser": 100,
      "rumah": 0,
      "besi": 4,
      "kayu": 2,
      "emas": 0,
      "perak": 0,
      "batubara": 0,
      "bulu": 0,
      "kain": 0,
      "wilayah": "Indonesia",
      "wilayahrumah": "Indonesia",
      "musuh": 0,
      "ikan": 0,
      "domba": 0,
      "sapi": 0,
      "ayam": 0,
      "bank": 0,
      "burutime": 0,
      "lastclaim": 0,
      "lastdagang": 0,
      "lastbansos": 0,
      "lastkerja": 0,
      "lastrampok": 0
    },
    "6285198016574@s.whatsapp.net": {
      "kapal": false,
      "darahkapal": 100,
      "pickaxe": false,
      "darahpickaxe": 100,
      "kapak": false,
      "darahkapak": 100,
      "bzirah": false,
      "darahbzirah": 100,
      "pedang": false,
      "darahpedang": 100,
      "darahuser": 100,
      "rumah": 0,
      "besi": 4,
      "kayu": 2,
      "emas": 0,
      "perak": 0,
      "batubara": 0,
      "bulu": 0,
      "kain": 0,
      "wilayah": "Indonesia",
      "wilayahrumah": "Indonesia",
      "musuh": 0,
      "ikan": 0,
      "domba": 0,
      "sapi": 0,
      "ayam": 0,
      "bank": 0,
      "burutime": 0,
      "lastclaim": 0,
      "lastdagang": 0,
      "lastbansos": 0,
      "lastkerja": 0,
      "lastrampok": 0
    },
    "6285771674230@s.whatsapp.net": {
      "kapal": false,
      "darahkapal": 100,
      "pickaxe": false,
      "darahpickaxe": 100,
      "kapak": false,
      "darahkapak": 100,
      "bzirah": false,
      "darahbzirah": 100,
      "pedang": false,
      "darahpedang": 100,
      "darahuser": 100,
      "rumah": 0,
      "besi": 4,
      "kayu": 2,
      "emas": 0,
      "perak": 0,
      "batubara": 0,
      "bulu": 0,
      "kain": 0,
      "wilayah": "Indonesia",
      "wilayahrumah": "Indonesia",
      "musuh": 0,
      "ikan": 0,
      "domba": 0,
      "sapi": 0,
      "ayam": 0,
      "bank": 0,
      "burutime": 0,
      "lastclaim": 0,
      "lastdagang": 0,
      "lastbansos": 0,
      "lastkerja": 0,
      "lastrampok": 0
    },
    "6285154030539@s.whatsapp.net": {
      "kapal": false,
      "darahkapal": 100,
      "pickaxe": false,
      "darahpickaxe": 100,
      "kapak": false,
      "darahkapak": 100,
      "bzirah": false,
      "darahbzirah": 100,
      "pedang": false,
      "darahpedang": 100,
      "darahuser": 100,
      "rumah": 0,
      "besi": 4,
      "kayu": 2,
      "emas": 0,
      "perak": 0,
      "batubara": 0,
      "bulu": 0,
      "kain": 0,
      "wilayah": "Indonesia",
      "wilayahrumah": "Indonesia",
      "musuh": 0,
      "ikan": 0,
      "domba": 0,
      "sapi": 0,
      "ayam": 0,
      "bank": 0,
      "burutime": 0,
      "lastclaim": 0,
      "lastdagang": 0,
      "lastbansos": 0,
      "lastkerja": 0,
      "lastrampok": 0
    },
    "6287867717820@s.whatsapp.net": {
      "kapal": false,
      "darahkapal": 100,
      "pickaxe": false,
      "darahpickaxe": 100,
      "kapak": false,
      "darahkapak": 100,
      "bzirah": false,
      "darahbzirah": 100,
      "pedang": false,
      "darahpedang": 100,
      "darahuser": 100,
      "rumah": 0,
      "besi": 4,
      "kayu": 2,
      "emas": 0,
      "perak": 0,
      "batubara": 0,
      "bulu": 0,
      "kain": 0,
      "wilayah": "Indonesia",
      "wilayahrumah": "Indonesia",
      "musuh": 0,
      "ikan": 0,
      "domba": 0,
      "sapi": 0,
      "ayam": 0,
      "bank": 0,
      "burutime": 0,
      "lastclaim": 0,
      "lastdagang": 0,
      "lastbansos": 0,
      "lastkerja": 0,
      "lastrampok": 0
    },
    "31687173992@s.whatsapp.net": {
      "kapal": false,
      "darahkapal": 100,
      "pickaxe": false,
      "darahpickaxe": 100,
      "kapak": false,
      "darahkapak": 100,
      "bzirah": false,
      "darahbzirah": 100,
      "pedang": false,
      "darahpedang": 100,
      "darahuser": 100,
      "rumah": 0,
      "besi": 4,
      "kayu": 2,
      "emas": 0,
      "perak": 0,
      "batubara": 0,
      "bulu": 0,
      "kain": 0,
      "wilayah": "Indonesia",
      "wilayahrumah": "Indonesia",
      "musuh": 0,
      "ikan": 0,
      "domba": 0,
      "sapi": 0,
      "ayam": 0,
      "bank": 0,
      "burutime": 0,
      "lastclaim": 0,
      "lastdagang": 0,
      "lastbansos": 0,
      "lastkerja": 0,
      "lastrampok": 0
    },
    "62895412310567@s.whatsapp.net": {
      "kapal": false,
      "darahkapal": 100,
      "pickaxe": false,
      "darahpickaxe": 100,
      "kapak": false,
      "darahkapak": 100,
      "bzirah": false,
      "darahbzirah": 100,
      "pedang": false,
      "darahpedang": 100,
      "darahuser": 100,
      "rumah": 0,
      "besi": 4,
      "kayu": 2,
      "emas": 0,
      "perak": 0,
      "batubara": 0,
      "bulu": 0,
      "kain": 0,
      "wilayah": "Indonesia",
      "wilayahrumah": "Indonesia",
      "musuh": 0,
      "ikan": 0,
      "domba": 0,
      "sapi": 0,
      "ayam": 0,
      "bank": 0,
      "burutime": 0,
      "lastclaim": 0,
      "lastdagang": 0,
      "lastbansos": 0,
      "lastkerja": 0,
      "lastrampok": 0
    },
    "6283877127735@s.whatsapp.net": {
      "kapal": false,
      "darahkapal": 100,
      "pickaxe": false,
      "darahpickaxe": 100,
      "kapak": false,
      "darahkapak": 100,
      "bzirah": false,
      "darahbzirah": 100,
      "pedang": false,
      "darahpedang": 100,
      "darahuser": 100,
      "rumah": 0,
      "besi": 4,
      "kayu": 2,
      "emas": 0,
      "perak": 0,
      "batubara": 0,
      "bulu": 0,
      "kain": 0,
      "wilayah": "Indonesia",
      "wilayahrumah": "Indonesia",
      "musuh": 0,
      "ikan": 0,
      "domba": 0,
      "sapi": 0,
      "ayam": 0,
      "bank": 0,
      "burutime": 0,
      "lastclaim": 0,
      "lastdagang": 0,
      "lastbansos": 0,
      "lastkerja": 0,
      "lastrampok": 0
    },
    "62882003382430@s.whatsapp.net": {
      "kapal": false,
      "darahkapal": 100,
      "pickaxe": false,
      "darahpickaxe": 100,
      "kapak": false,
      "darahkapak": 100,
      "bzirah": false,
      "darahbzirah": 100,
      "pedang": false,
      "darahpedang": 100,
      "darahuser": 100,
      "rumah": 0,
      "besi": 4,
      "kayu": 2,
      "emas": 0,
      "perak": 0,
      "batubara": 0,
      "bulu": 0,
      "kain": 0,
      "wilayah": "Indonesia",
      "wilayahrumah": "Indonesia",
      "musuh": 0,
      "ikan": 0,
      "domba": 0,
      "sapi": 0,
      "ayam": 0,
      "bank": 0,
      "burutime": 0,
      "lastclaim": 0,
      "lastdagang": 0,
      "lastbansos": 0,
      "lastkerja": 0,
      "lastrampok": 0
    },
    "60187829080@s.whatsapp.net": {
      "kapal": false,
      "darahkapal": 100,
      "pickaxe": false,
      "darahpickaxe": 100,
      "kapak": false,
      "darahkapak": 100,
      "bzirah": false,
      "darahbzirah": 100,
      "pedang": false,
      "darahpedang": 100,
      "darahuser": 100,
      "rumah": 0,
      "besi": 4,
      "kayu": 2,
      "emas": 0,
      "perak": 0,
      "batubara": 0,
      "bulu": 0,
      "kain": 0,
      "wilayah": "Indonesia",
      "wilayahrumah": "Indonesia",
      "musuh": 0,
      "ikan": 0,
      "domba": 0,
      "sapi": 0,
      "ayam": 0,
      "bank": 0,
      "burutime": 0,
      "lastclaim": 0,
      "lastdagang": 0,
      "lastbansos": 0,
      "lastkerja": 0,
      "lastrampok": 0
    },
    "6289516943920@s.whatsapp.net": {
      "kapal": false,
      "darahkapal": 100,
      "pickaxe": false,
      "darahpickaxe": 100,
      "kapak": false,
      "darahkapak": 100,
      "bzirah": false,
      "darahbzirah": 100,
      "pedang": false,
      "darahpedang": 100,
      "darahuser": 100,
      "rumah": 0,
      "besi": 4,
      "kayu": 2,
      "emas": 0,
      "perak": 0,
      "batubara": 0,
      "bulu": 0,
      "kain": 0,
      "wilayah": "Indonesia",
      "wilayahrumah": "Indonesia",
      "musuh": 0,
      "ikan": 0,
      "domba": 0,
      "sapi": 0,
      "ayam": 0,
      "bank": 0,
      "burutime": 0,
      "lastclaim": 0,
      "lastdagang": 0,
      "lastbansos": 0,
      "lastkerja": 0,
      "lastrampok": 0
    },
    "6285943000621@s.whatsapp.net": {
      "kapal": false,
      "darahkapal": 100,
      "pickaxe": false,
      "darahpickaxe": 100,
      "kapak": false,
      "darahkapak": 100,
      "bzirah": false,
      "darahbzirah": 100,
      "pedang": false,
      "darahpedang": 100,
      "darahuser": 100,
      "rumah": 0,
      "besi": 4,
      "kayu": 2,
      "emas": 0,
      "perak": 0,
      "batubara": 0,
      "bulu": 0,
      "kain": 0,
      "wilayah": "Indonesia",
      "wilayahrumah": "Indonesia",
      "musuh": 0,
      "ikan": 0,
      "domba": 0,
      "sapi": 0,
      "ayam": 0,
      "bank": 0,
      "burutime": 0,
      "lastclaim": 0,
      "lastdagang": 0,
      "lastbansos": 0,
      "lastkerja": 0,
      "lastrampok": 0
    },
    "6285774574924@s.whatsapp.net": {
      "kapal": false,
      "darahkapal": 100,
      "pickaxe": false,
      "darahpickaxe": 100,
      "kapak": false,
      "darahkapak": 100,
      "bzirah": false,
      "darahbzirah": 100,
      "pedang": false,
      "darahpedang": 100,
      "darahuser": 100,
      "rumah": 0,
      "besi": 4,
      "kayu": 2,
      "emas": 0,
      "perak": 0,
      "batubara": 0,
      "bulu": 0,
      "kain": 0,
      "wilayah": "Indonesia",
      "wilayahrumah": "Indonesia",
      "musuh": 0,
      "ikan": 0,
      "domba": 0,
      "sapi": 0,
      "ayam": 0,
      "bank": 0,
      "burutime": 0,
      "lastclaim": 0,
      "lastdagang": 0,
      "lastbansos": 0,
      "lastkerja": 0,
      "lastrampok": 0
    },
    "6283824952390@s.whatsapp.net": {
      "kapal": false,
      "darahkapal": 100,
      "pickaxe": false,
      "darahpickaxe": 100,
      "kapak": false,
      "darahkapak": 100,
      "bzirah": false,
      "darahbzirah": 100,
      "pedang": false,
      "darahpedang": 100,
      "darahuser": 100,
      "rumah": 0,
      "besi": 4,
      "kayu": 2,
      "emas": 0,
      "perak": 0,
      "batubara": 0,
      "bulu": 0,
      "kain": 0,
      "wilayah": "Indonesia",
      "wilayahrumah": "Indonesia",
      "musuh": 0,
      "ikan": 0,
      "domba": 0,
      "sapi": 0,
      "ayam": 0,
      "bank": 0,
      "burutime": 0,
      "lastclaim": 0,
      "lastdagang": 0,
      "lastbansos": 0,
      "lastkerja": 0,
      "lastrampok": 0
    },
    "855719623427@s.whatsapp.net": {
      "kapal": false,
      "darahkapal": 100,
      "pickaxe": false,
      "darahpickaxe": 100,
      "kapak": false,
      "darahkapak": 100,
      "bzirah": false,
      "darahbzirah": 100,
      "pedang": false,
      "darahpedang": 100,
      "darahuser": 100,
      "rumah": 0,
      "besi": 4,
      "kayu": 2,
      "emas": 0,
      "perak": 0,
      "batubara": 0,
      "bulu": 0,
      "kain": 0,
      "wilayah": "Indonesia",
      "wilayahrumah": "Indonesia",
      "musuh": 0,
      "ikan": 0,
      "domba": 0,
      "sapi": 0,
      "ayam": 0,
      "bank": 0,
      "burutime": 0,
      "lastclaim": 0,
      "lastdagang": 0,
      "lastbansos": 0,
      "lastkerja": 0,
      "lastrampok": 0
    },
    "6281315481050@s.whatsapp.net": {
      "kapal": false,
      "darahkapal": 100,
      "pickaxe": false,
      "darahpickaxe": 100,
      "kapak": false,
      "darahkapak": 100,
      "bzirah": false,
      "darahbzirah": 100,
      "pedang": false,
      "darahpedang": 100,
      "darahuser": 100,
      "rumah": 0,
      "besi": 4,
      "kayu": 2,
      "emas": 0,
      "perak": 0,
      "batubara": 0,
      "bulu": 0,
      "kain": 0,
      "wilayah": "Indonesia",
      "wilayahrumah": "Indonesia",
      "musuh": 0,
      "ikan": 0,
      "domba": 0,
      "sapi": 0,
      "ayam": 0,
      "bank": 0,
      "burutime": 0,
      "lastclaim": 0,
      "lastdagang": 0,
      "lastbansos": 0,
      "lastkerja": 0,
      "lastrampok": 0
    },
    "6285819515596@s.whatsapp.net": {
      "kapal": false,
      "darahkapal": 100,
      "pickaxe": false,
      "darahpickaxe": 100,
      "kapak": false,
      "darahkapak": 100,
      "bzirah": false,
      "darahbzirah": 100,
      "pedang": false,
      "darahpedang": 100,
      "darahuser": 100,
      "rumah": 0,
      "besi": 4,
      "kayu": 2,
      "emas": 0,
      "perak": 0,
      "batubara": 0,
      "bulu": 0,
      "kain": 0,
      "wilayah": "Indonesia",
      "wilayahrumah": "Indonesia",
      "musuh": 0,
      "ikan": 0,
      "domba": 0,
      "sapi": 0,
      "ayam": 0,
      "bank": 0,
      "burutime": 0,
      "lastclaim": 0,
      "lastdagang": 0,
      "lastbansos": 0,
      "lastkerja": 0,
      "lastrampok": 0
    },
    "79910035272@s.whatsapp.net": {
      "kapal": false,
      "darahkapal": 100,
      "pickaxe": false,
      "darahpickaxe": 100,
      "kapak": false,
      "darahkapak": 100,
      "bzirah": false,
      "darahbzirah": 100,
      "pedang": false,
      "darahpedang": 100,
      "darahuser": 100,
      "rumah": 0,
      "besi": 4,
      "kayu": 2,
      "emas": 0,
      "perak": 0,
      "batubara": 0,
      "bulu": 0,
      "kain": 0,
      "wilayah": "Indonesia",
      "wilayahrumah": "Indonesia",
      "musuh": 0,
      "ikan": 0,
      "domba": 0,
      "sapi": 0,
      "ayam": 0,
      "bank": 0,
      "burutime": 0,
      "lastclaim": 0,
      "lastdagang": 0,
      "lastbansos": 0,
      "lastkerja": 0,
      "lastrampok": 0
    },
    "6285349302335@s.whatsapp.net": {
      "kapal": false,
      "darahkapal": 100,
      "pickaxe": false,
      "darahpickaxe": 100,
      "kapak": false,
      "darahkapak": 100,
      "bzirah": false,
      "darahbzirah": 100,
      "pedang": false,
      "darahpedang": 100,
      "darahuser": 100,
      "rumah": 0,
      "besi": 4,
      "kayu": 2,
      "emas": 0,
      "perak": 0,
      "batubara": 0,
      "bulu": 0,
      "kain": 0,
      "wilayah": "Indonesia",
      "wilayahrumah": "Indonesia",
      "musuh": 0,
      "ikan": 0,
      "domba": 0,
      "sapi": 0,
      "ayam": 0,
      "bank": 0,
      "burutime": 0,
      "lastclaim": 0,
      "lastdagang": 0,
      "lastbansos": 0,
      "lastkerja": 0,
      "lastrampok": 0
    },
    "85567522471@s.whatsapp.net": {
      "kapal": false,
      "darahkapal": 100,
      "pickaxe": false,
      "darahpickaxe": 100,
      "kapak": false,
      "darahkapak": 100,
      "bzirah": false,
      "darahbzirah": 100,
      "pedang": false,
      "darahpedang": 100,
      "darahuser": 100,
      "rumah": 0,
      "besi": 4,
      "kayu": 2,
      "emas": 0,
      "perak": 0,
      "batubara": 0,
      "bulu": 0,
      "kain": 0,
      "wilayah": "Indonesia",
      "wilayahrumah": "Indonesia",
      "musuh": 0,
      "ikan": 0,
      "domba": 0,
      "sapi": 0,
      "ayam": 0,
      "bank": 0,
      "burutime": 0,
      "lastclaim": 0,
      "lastdagang": 0,
      "lastbansos": 0,
      "lastkerja": 0,
      "lastrampok": 0
    },
    "62895321008608@s.whatsapp.net": {
      "kapal": false,
      "darahkapal": 100,
      "pickaxe": false,
      "darahpickaxe": 100,
      "kapak": false,
      "darahkapak": 100,
      "bzirah": false,
      "darahbzirah": 100,
      "pedang": false,
      "darahpedang": 100,
      "darahuser": 100,
      "rumah": 0,
      "besi": 4,
      "kayu": 2,
      "emas": 0,
      "perak": 0,
      "batubara": 0,
      "bulu": 0,
      "kain": 0,
      "wilayah": "Indonesia",
      "wilayahrumah": "Indonesia",
      "musuh": 0,
      "ikan": 0,
      "domba": 0,
      "sapi": 0,
      "ayam": 0,
      "bank": 0,
      "burutime": 0,
      "lastclaim": 0,
      "lastdagang": 0,
      "lastbansos": 0,
      "lastkerja": 0,
      "lastrampok": 0
    },
    "6283170061373@s.whatsapp.net": {
      "kapal": false,
      "darahkapal": 100,
      "pickaxe": false,
      "darahpickaxe": 100,
      "kapak": false,
      "darahkapak": 100,
      "bzirah": false,
      "darahbzirah": 100,
      "pedang": false,
      "darahpedang": 100,
      "darahuser": 100,
      "rumah": 0,
      "besi": 4,
      "kayu": 2,
      "emas": 0,
      "perak": 0,
      "batubara": 0,
      "bulu": 0,
      "kain": 0,
      "wilayah": "Indonesia",
      "wilayahrumah": "Indonesia",
      "musuh": 0,
      "ikan": 0,
      "domba": 0,
      "sapi": 0,
      "ayam": 0,
      "bank": 0,
      "burutime": 0,
      "lastclaim": 0,
      "lastdagang": 0,
      "lastbansos": 0,
      "lastkerja": 0,
      "lastrampok": 0
    },
    "6282227077475@s.whatsapp.net": {
      "kapal": false,
      "darahkapal": 100,
      "pickaxe": false,
      "darahpickaxe": 100,
      "kapak": false,
      "darahkapak": 100,
      "bzirah": false,
      "darahbzirah": 100,
      "pedang": false,
      "darahpedang": 100,
      "darahuser": 100,
      "rumah": 0,
      "besi": 4,
      "kayu": 2,
      "emas": 0,
      "perak": 0,
      "batubara": 0,
      "bulu": 0,
      "kain": 0,
      "wilayah": "Indonesia",
      "wilayahrumah": "Indonesia",
      "musuh": 0,
      "ikan": 0,
      "domba": 0,
      "sapi": 0,
      "ayam": 0,
      "bank": 0,
      "burutime": 0,
      "lastclaim": 0,
      "lastdagang": 0,
      "lastbansos": 0,
      "lastkerja": 0,
      "lastrampok": 0
    },
    "6289512475879@s.whatsapp.net": {
      "kapal": false,
      "darahkapal": 100,
      "pickaxe": false,
      "darahpickaxe": 100,
      "kapak": false,
      "darahkapak": 100,
      "bzirah": false,
      "darahbzirah": 100,
      "pedang": false,
      "darahpedang": 100,
      "darahuser": 100,
      "rumah": 0,
      "besi": 4,
      "kayu": 2,
      "emas": 0,
      "perak": 0,
      "batubara": 0,
      "bulu": 0,
      "kain": 0,
      "wilayah": "Indonesia",
      "wilayahrumah": "Indonesia",
      "musuh": 0,
      "ikan": 0,
      "domba": 0,
      "sapi": 0,
      "ayam": 0,
      "bank": 0,
      "burutime": 0,
      "lastclaim": 0,
      "lastdagang": 0,
      "lastbansos": 0,
      "lastkerja": 0,
      "lastrampok": 0
    },
    "6287887459800@s.whatsapp.net": {
      "kapal": false,
      "darahkapal": 100,
      "pickaxe": false,
      "darahpickaxe": 100,
      "kapak": false,
      "darahkapak": 100,
      "bzirah": false,
      "darahbzirah": 100,
      "pedang": false,
      "darahpedang": 100,
      "darahuser": 100,
      "rumah": 0,
      "besi": 4,
      "kayu": 2,
      "emas": 0,
      "perak": 0,
      "batubara": 0,
      "bulu": 0,
      "kain": 0,
      "wilayah": "Indonesia",
      "wilayahrumah": "Indonesia",
      "musuh": 0,
      "ikan": 0,
      "domba": 0,
      "sapi": 0,
      "ayam": 0,
      "bank": 0,
      "burutime": 0,
      "lastclaim": 0,
      "lastdagang": 0,
      "lastbansos": 0,
      "lastkerja": 0,
      "lastrampok": 0
    },
    "6285697729522@s.whatsapp.net": {
      "kapal": false,
      "darahkapal": 100,
      "pickaxe": false,
      "darahpickaxe": 100,
      "kapak": false,
      "darahkapak": 100,
      "bzirah": false,
      "darahbzirah": 100,
      "pedang": false,
      "darahpedang": 100,
      "darahuser": 100,
      "rumah": 0,
      "besi": 4,
      "kayu": 2,
      "emas": 0,
      "perak": 0,
      "batubara": 0,
      "bulu": 0,
      "kain": 0,
      "wilayah": "Indonesia",
      "wilayahrumah": "Indonesia",
      "musuh": 0,
      "ikan": 0,
      "domba": 0,
      "sapi": 0,
      "ayam": 0,
      "bank": 0,
      "burutime": 0,
      "lastclaim": 0,
      "lastdagang": 0,
      "lastbansos": 0,
      "lastkerja": 0,
      "lastrampok": 0
    },
    "6282276180934@s.whatsapp.net": {
      "kapal": false,
      "darahkapal": 100,
      "pickaxe": false,
      "darahpickaxe": 100,
      "kapak": false,
      "darahkapak": 100,
      "bzirah": false,
      "darahbzirah": 100,
      "pedang": false,
      "darahpedang": 100,
      "darahuser": 100,
      "rumah": 0,
      "besi": 4,
      "kayu": 2,
      "emas": 0,
      "perak": 0,
      "batubara": 0,
      "bulu": 0,
      "kain": 0,
      "wilayah": "Indonesia",
      "wilayahrumah": "Indonesia",
      "musuh": 0,
      "ikan": 0,
      "domba": 0,
      "sapi": 0,
      "ayam": 0,
      "bank": 0,
      "burutime": 0,
      "lastclaim": 0,
      "lastdagang": 0,
      "lastbansos": 0,
      "lastkerja": 0,
      "lastrampok": 0
    },
    "6281210189737@s.whatsapp.net": {
      "kapal": false,
      "darahkapal": 100,
      "pickaxe": false,
      "darahpickaxe": 100,
      "kapak": false,
      "darahkapak": 100,
      "bzirah": false,
      "darahbzirah": 100,
      "pedang": false,
      "darahpedang": 100,
      "darahuser": 100,
      "rumah": 0,
      "besi": 4,
      "kayu": 2,
      "emas": 0,
      "perak": 0,
      "batubara": 0,
      "bulu": 0,
      "kain": 0,
      "wilayah": "Indonesia",
      "wilayahrumah": "Indonesia",
      "musuh": 0,
      "ikan": 0,
      "domba": 0,
      "sapi": 0,
      "ayam": 0,
      "bank": 0,
      "burutime": 0,
      "lastclaim": 0,
      "lastdagang": 0,
      "lastbansos": 0,
      "lastkerja": 0,
      "lastrampok": 0
    },
    "6283892969926@s.whatsapp.net": {
      "kapal": false,
      "darahkapal": 100,
      "pickaxe": false,
      "darahpickaxe": 100,
      "kapak": false,
      "darahkapak": 100,
      "bzirah": false,
      "darahbzirah": 100,
      "pedang": false,
      "darahpedang": 100,
      "darahuser": 100,
      "rumah": 0,
      "besi": 4,
      "kayu": 2,
      "emas": 0,
      "perak": 0,
      "batubara": 0,
      "bulu": 0,
      "kain": 0,
      "wilayah": "Indonesia",
      "wilayahrumah": "Indonesia",
      "musuh": 0,
      "ikan": 0,
      "domba": 0,
      "sapi": 0,
      "ayam": 0,
      "bank": 0,
      "burutime": 0,
      "lastclaim": 0,
      "lastdagang": 0,
      "lastbansos": 0,
      "lastkerja": 0,
      "lastrampok": 0
    },
    "6285727568943@s.whatsapp.net": {
      "kapal": false,
      "darahkapal": 100,
      "pickaxe": false,
      "darahpickaxe": 100,
      "kapak": false,
      "darahkapak": 100,
      "bzirah": false,
      "darahbzirah": 100,
      "pedang": false,
      "darahpedang": 100,
      "darahuser": 100,
      "rumah": 0,
      "besi": 4,
      "kayu": 2,
      "emas": 0,
      "perak": 0,
      "batubara": 0,
      "bulu": 0,
      "kain": 0,
      "wilayah": "Indonesia",
      "wilayahrumah": "Indonesia",
      "musuh": 0,
      "ikan": 0,
      "domba": 0,
      "sapi": 0,
      "ayam": 0,
      "bank": 0,
      "burutime": 0,
      "lastclaim": 0,
      "lastdagang": 0,
      "lastbansos": 0,
      "lastkerja": 0,
      "lastrampok": 0
    },
    "6282284457830@s.whatsapp.net": {
      "kapal": false,
      "darahkapal": 100,
      "pickaxe": false,
      "darahpickaxe": 100,
      "kapak": false,
      "darahkapak": 100,
      "bzirah": false,
      "darahbzirah": 100,
      "pedang": false,
      "darahpedang": 100,
      "darahuser": 100,
      "rumah": 0,
      "besi": 4,
      "kayu": 2,
      "emas": 0,
      "perak": 0,
      "batubara": 0,
      "bulu": 0,
      "kain": 0,
      "wilayah": "Indonesia",
      "wilayahrumah": "Indonesia",
      "musuh": 0,
      "ikan": 0,
      "domba": 0,
      "sapi": 0,
      "ayam": 0,
      "bank": 0,
      "burutime": 0,
      "lastclaim": 0,
      "lastdagang": 0,
      "lastbansos": 0,
      "lastkerja": 0,
      "lastrampok": 0
    }
  },
  "sticker": {},
  "others": {}
}