{"version":76,"hash":{"type":"Buffer","data":"FStz6NEquhmOGejeiwyC+NoJX4dvcHLGf37bOPBg+DcTmdOlJnF0esROMbD9zrRRKXuo+dGQEl4/0wllsnFBLc8aEtGMGFpIoTa7eZaZMThf+HMle9HuV+uTpMaE9YVV8JuJ2/wsZqS/jtStm+5s3Evrw1pt4qVqIRtiufxaS0M="},"indexValueMap":{"AELH5HC5t9UbH8bG6nDl3OCS3Eh96YjIW6z1p27OJkE=":{"valueMac":{"type":"Buffer","data":"akma3PcjgPtTd/Vz3nNXWADWLlzRzrlseqw4LvkSu1k="}},"BjcRkqXHX4KBztiwmwB0tOPdxXHwS8h4O0083vhMN9w=":{"valueMac":{"type":"Buffer","data":"77H01ur7Y9UeCq+HF4UZTBnyp0Ar9lwV47FqVe52ZF8="}},"IQRth6nQwzt5fa8rhk/UaH72+PRpfqZHNOAtQ8Te628=":{"valueMac":{"type":"Buffer","data":"FeGIuupCy/g37LD3jRtcwMQmuE0ySmKWA6WZVXwPFn8="}},"ItqCLazQjqoCfjyMBVZ0kUh3XJC3z4SI3+2RVOQNKFI=":{"valueMac":{"type":"Buffer","data":"Hr/AhM7LhhoGBdlzvgf1I0X2a1RMa3Idx8LEX3rG6uw="}},"KMomchTIlb2Fe9FYBMDA8lf0ylQgXp9HOw4QK4Dh5CE=":{"valueMac":{"type":"Buffer","data":"rme8gKhtV/v9HZvyfZXYrtGCVn7tRgBjk23yNYLV5Pg="}},"Kmz1Jk8f/sQrqTXOpf19A/0oZdlzoB6yAHiwuu5Iqhw=":{"valueMac":{"type":"Buffer","data":"6SDtnUxD83SqrGQD8z9CcsvvKfMyCqpBCMPuLQZJPUs="}},"Lfj0GRiUxH7mHs/gVo+KHKkjjh7SH+FmsqsD6K0qPSM=":{"valueMac":{"type":"Buffer","data":"Aa8xDF1aM2PePvxHyG+ihPIMTMnZpkueZww4UhOIQ4k="}},"NdpNv5fsN+M+eh6Y1Xs59fC1lImI9wuIWrde3LOf90Y=":{"valueMac":{"type":"Buffer","data":"joKAkDnVPbNcUMwQEzyfksquHId3zo1joCZY8Ip6Ajw="}},"XDctiA+gODoPGHm3MenizDGFyxrymGEz/qT/0qYktvc=":{"valueMac":{"type":"Buffer","data":"JLn9WfyyCeVe0uu4FvU/iqzLJivmM2LcPHbAZvEeohk="}},"cjG9KONmZRKlCL5kKYEfPasXpBCsYZQ+e3tiPxrqVbA=":{"valueMac":{"type":"Buffer","data":"oYCa7jXvpkKjeD3xjuD0uQKXKtjDlLNlGwfxoWQ6kME="}},"dCN+5wGUxOsiXreTpZ9kG1g0PwUFV7hw1PL/G86dWa0=":{"valueMac":{"type":"Buffer","data":"XFW9dLXsLZHPR7SMHtIF8OWY75q0KhWBSiHY6F5MqVU="}},"eX7bTe0zIhW16KiUV7JxZCd40lphuwYbuz95VuKHj1g=":{"valueMac":{"type":"Buffer","data":"YrI54eE5ckzElEChGrGeXTiNA8INQV57RhP6FNYg7V0="}},"j0PhL0ZXuWdTSmlLk2H1lR762VVeUm9b9C3GqzjDoSA=":{"valueMac":{"type":"Buffer","data":"2x4jjcAFRR8XfPVkeYVnc4Qelh5kJO2XipqAtsiBma8="}},"mNsXq6RO1UybWOVYyc6iM2m82sBT6PKZPXb+0eztQeQ=":{"valueMac":{"type":"Buffer","data":"EA8qBHKODCatnczRzP3hMfqlIfJfYx0YIr5HWOyypRI="}},"wLsAgCUu3Fr9JEJ6PiNJFSnfkMX19RseLLxJd6pZ3vk=":{"valueMac":{"type":"Buffer","data":"XTT9PmAhHrpgXClugiZsp8fu0GcAb6GmAdKecTSsamM="}},"wSDGiqahBGpeBiqjJfqx6Yl9BSgQ8aFFdn4l1mGvwJ0=":{"valueMac":{"type":"Buffer","data":"26RxHVXdIrA6yZTYW1nB2iYaz9zALfNpZ1yLAgNcEB0="}},"1i1iHuuspM1JvA1MDiE6H8kjXpSGr9HJemBFKnx0IJU=":{"valueMac":{"type":"Buffer","data":"3EB3W7c9VB/pDYj021VATn/+10DFwXgZzU1FMjuAP5E="}},"5K+UUBe4AGysv+GEkoKm8Ptsvw+83fCF7pXVCPNjnDQ=":{"valueMac":{"type":"Buffer","data":"s3faz7GqEZUw76OFRJGiqSZPjAoIUyF/gmXdeVNfmc4="}},"8oYnOuERvPlXJC40XtVZxoqocvd7shhU3CVsZOUt524=":{"valueMac":{"type":"Buffer","data":"wIFDY3zOaevD5EEXXIQixE/w7rSS4Uqc1mQa6FZ1LPs="}},"9BJmj+6IggGgvdnJtsGOGpoJNiy9w6E66B1x49R9Ris=":{"valueMac":{"type":"Buffer","data":"4Toj+49C8k5w+GF+XcKXFO6/aMmqBT2t423ljCw4E3Y="}},"vHwPlCk4eeBr44s3Gik9jrHgOu0Ew5bRsX4NEmvDrD4=":{"valueMac":{"type":"Buffer","data":"rL1pv5q1m6FKood9su+/QEUqTQ3KOpjcYfiiIJg6jRo="}},"rBkj/qhcEPJRShtWso0tdXzDmC7rc0WGwG5XCYzRM+Y=":{"valueMac":{"type":"Buffer","data":"bQpdQnQ14eRdFqNzo+VxCYdiMK24I67shfsKQv94n9s="}},"ta4nwXs3VhSrmKjj6XM2VyrHFTF5v1IiUl3eZP4UYCk=":{"valueMac":{"type":"Buffer","data":"+t97fCvnRcJ/Uml7buvwGyyfh1Pr+YEGcDd8jTmjT6g="}},"dmvOmuGJW2ErWKwq8zGKZAqYL2sogmSuFr5xaUhdkWo=":{"valueMac":{"type":"Buffer","data":"2QpvZ1Z8rSzV4Ci56i/c/44Rfv3fNLcZ3xRHiYL8Rj0="}},"oZ3AryCL0HMaM9pRwUAzaBTk2HYRsfjVTCZ+GJPbhOc=":{"valueMac":{"type":"Buffer","data":"dDgTKNwdaTgToSygNTUQWF7NN4FQouyaxr1OaC1sE9s="}},"Cgzz3FF86xB9EP917/NC13H1mHg30Fzbal6Ckc5Su+s=":{"valueMac":{"type":"Buffer","data":"0jDl8FVDd06c8zX2KHPjFMKYg7FJQ7WHh8i+tegB0SM="}},"2bnq9hLqH2m91kEvTXbSb+ASrvXYLzYb1ZD//rRYD28=":{"valueMac":{"type":"Buffer","data":"TMFy4Mqae+eYIiqAUQ81gQrjklxZ5l6p8zPgOyJVhGk="}},"74fFguHM1MF0t4JFTDYg2tGI6pvz9+A8exOTvWhsJR0=":{"valueMac":{"type":"Buffer","data":"sYJIf59M10ol+lSH/nGVwZ/CMfBqShyOvtPUh9QEP8w="}},"nPdnoNdj6aUc++d9bkUqnm5SqwWiu8w6E7kFpR2I+hQ=":{"valueMac":{"type":"Buffer","data":"hNrW8Jbdvs57aORaziMwGqyDGc++CSUdYcXc2Up/VHI="}},"nbyaBa1ZG/hm8Ggm6X7QtIk/KceQpJGIP4Abq7PNxL4=":{"valueMac":{"type":"Buffer","data":"BedjhHdpNNnYKEKd9+8cQ3iERa5Y+Qjs4NVO6tIeF70="}},"/otJqilHI0k2yT5C/PdiXrt7JUtARgi+oEo+jRXqnPo=":{"valueMac":{"type":"Buffer","data":"LR+DEDBfzHipiISrtTAiE/kKmz/jJgX/NXNbo+amJdk="}},"xdaUqUto6LG24+NbuKTpOu+cOf/8qDDcQblbrnmiP6k=":{"valueMac":{"type":"Buffer","data":"+SYTDSAToQdwIY3ETKd8SnJgQ5JNEQSDHv2YrOxAIk8="}},"abMuTACMCvq3oTh3mtccS1LEyHls5uPuJo7TaflyrJI=":{"valueMac":{"type":"Buffer","data":"tMSbMvXIsL0GGmKp8qdFzWEQ2uPHJxcwfiNZi/DgwZA="}},"T2pCDgJMggr7emJZ1jsboRWRTxG517EgAbM5/sZf7z4=":{"valueMac":{"type":"Buffer","data":"cVkeJaFBy29qlvsR25ws1NHUGbTLmuxBzVEL/aWxurw="}},"/FTpzxXm7G45UZ6JkIvZI0fHYZLV51chRXitH40KkcQ=":{"valueMac":{"type":"Buffer","data":"lmt1xBE/WFxNilTb/Dtbi/dD/OZr6K34Og7c/Y4uT+c="}}}}