{"version":89,"hash":{"type":"Buffer","data":"OQMEyUnebnw5CbtuwSpxOMLrcjQfzCySVrCc/P+lmh5dYS1pURslbYLUj3oehZ8sjoFGKCYFIokpl2h1E/YdAUjUKqdnTedOsYFOO+yUm/ji+2GOJDd5CM4GFfBtxgzYxpyp1K8UWhbL2tL9tgi+MlnouGNOswuCS//s75je7YU="},"indexValueMap":{"BBu0cKyf1Zd3Wnt9rBvP+KvLVKa85CLRwvtTWGQAH7M=":{"valueMac":{"type":"Buffer","data":"ew0kDQusSIWpuv0HPEcmViuna5LEs2ImcLLWNxa/+SA="}},"I/YczY+EpkIIrvBEftGvlS64uHC50aft1ZmokSJwmSs=":{"valueMac":{"type":"Buffer","data":"LebrWgWvME2lc5uFJrRCUp5jCJ6MKiQTDdt/2Vs9GY8="}},"KvvSJS+zJxfe9u7bruurRCnjKpWydLD0CpeOaYJ5FKo=":{"valueMac":{"type":"Buffer","data":"ZAlqV9p9oJ71Wnubpr/vNSAns0Vl/yn2pXI7cGFwZPU="}},"OE54U2nOgnaqJ15OOYF8CTWEVCLMnTQ6QeVPGo/60bA=":{"valueMac":{"type":"Buffer","data":"DGwTq4lLksEWNLowW4r0F66Sss1bu7qwm/TrwnagfYY="}},"Oe9nGl1Y7dM9WAEYAiPFhUuXUc5jX3D+T0ZkekDngPc=":{"valueMac":{"type":"Buffer","data":"7Q2gDEfLVxYos0J/LMxeD5idvMfxX0AQjlx6YTXXjc8="}},"PEzFWXrfJN5wg1fXOwHP+sIB90Le1X7f2tRg77wnT5g=":{"valueMac":{"type":"Buffer","data":"UAyFr1wbWhXnQgeGMNGnX5jewtE3aVVdCYgQsXYV35g="}},"PR0zZZpCokJYLTyoLu57CGpes8nMrLgl9TFo81Yr7uU=":{"valueMac":{"type":"Buffer","data":"dEORhmq64zsbN2GAkYQ++/pU6VhokD3DKTa89ZJeQNo="}},"PctyQVhSC5RQfwB2mN8Kod99+BbqxdyqRfH0kbX+xSY=":{"valueMac":{"type":"Buffer","data":"+YEIEUdfiu9y6kbOdfYDBqEDAJETdmPPveD2llPAfD8="}},"Q9xKHXqSbDxiuGnLVct7VewfRLdHBuUPu2ZoThKG7n4=":{"valueMac":{"type":"Buffer","data":"brOQMZHuUBVEKG/rNflueS/xoqnonIaqgW0JuavT0sI="}},"RHhHVWouM7icvt7DORjiutxZ5g/zGCa7dZGvCd+llH0=":{"valueMac":{"type":"Buffer","data":"Nw9kopiS6gVrlB1rNV2NkuBIyvZV+IrjqCUMK/+idmU="}},"RtHZ2ZcS6x5eGZ3263Vf9Q+PhTmi4ZbX1g/sxvwVE+4=":{"valueMac":{"type":"Buffer","data":"j8DyDfXGZqiZD1oAKCWe0KUWGJDRI3fd8b0iY55RQKw="}},"RzK9bzVEkvxi73xuDfXGXb//u15u8pAs7Hfilcg9ehU=":{"valueMac":{"type":"Buffer","data":"1z7tcHQIWcTeXxdHXjFQjvL4Ye/McySP+mTx9oI63co="}},"Si6lYPoShYiv7wZ/WZIihNkWXHM/7XICeOIAA6Kic8s=":{"valueMac":{"type":"Buffer","data":"6yqk7CncDKVWbbj3iG0iq9rEPOdQGUr+e1b3VMELtM4="}},"SzdqAASlfxg52+HaelIpHajyBrr4E8h8/JgU68hP6Mo=":{"valueMac":{"type":"Buffer","data":"0nfyo3RTXIvK0MfQNWFi30eAYuBWNUyiuYBLu+9zPeI="}},"Ur0nUo21o0BR7lPtw1h48B1I5S0zQJ2QPiCJ5UN94Ig=":{"valueMac":{"type":"Buffer","data":"VD8rYI0TlxMSzoSskkL17gYFTCmtUBa7nKO81O9mEOY="}},"VeY2Bgv99v1/4TyijaPBy8364Gj/cVlruGXmJCOoXP8=":{"valueMac":{"type":"Buffer","data":"1oe0PvhUDqFitTqSy3Ah3cKgm6y1s0EyRRud3uYebs0="}},"XAQetNcaiLr+oyGFrmD9kuppeYYAPiQvQV7UtBBGSBs=":{"valueMac":{"type":"Buffer","data":"okggBAP0QzEFYubqKQ7utAUpTT1LcVcW2Cw3k4KocdI="}},"YhtMUPrsJk5VfP/V7rmtc0kn+eq114aezccFp62xuiw=":{"valueMac":{"type":"Buffer","data":"sJblNxPwYaHNykQMgHA5ogVUt5jdPc2HgBY64cJhrU4="}},"ZkiRvueYmLKP7RMBmG0owL/YUzFce8/TNiviY9Rro08=":{"valueMac":{"type":"Buffer","data":"6jsTbojDplZFc35YfH79GKQh4P4r/SEUjyMLAP5EsDU="}},"Zq0uCJgdRh3PNQcq2Qzigx4GjSi1s2u4tLTDUNReEko=":{"valueMac":{"type":"Buffer","data":"Ng6CZ434EToI9LmR8SKAsa/cC2xZa+qXMvZH/BG6DRk="}},"Z4LlQf6iCW0ccb8hDP94GSgEB/nnU9IOmPD2+tO0dXU=":{"valueMac":{"type":"Buffer","data":"GzXdiBlz2NPRgVJ+8o1lQc7xeMmkFCQ9XELC/RVPyTw="}},"abW+PpOHdmYhIvMzKkh3RXbuTSitojdE3It/7qp9748=":{"valueMac":{"type":"Buffer","data":"KfAhW+cpwt9ZOtimWao0GTd5jUpjzXm0llMAxUkHwsA="}},"gPzLXfMvqEmKgumctFVSPRghPB5QYz2ZxHRjFCzLleQ=":{"valueMac":{"type":"Buffer","data":"hxUw/kKRkPEf0Rqgpt9AHR/30oV//zAa4wivi3MqJYA="}},"gf+HMi7Fr6sktzuHjl9e/+H6FH2HJrvSUoA/yQR202Q=":{"valueMac":{"type":"Buffer","data":"UJOiuzxf0WMNSo1mhgP8wjSb0hIwo4GybfFNonQM2Io="}},"hNPkGQe/4JpCN0LpQD50ie46qQE4LfuVkhAjlPqosDw=":{"valueMac":{"type":"Buffer","data":"PpVgb3VlunIHpJaJ8Iz5r/E7Ns+08WqsMtA9Q+zxdcQ="}},"jJ9kMVKGBF/Yj/92TG25r9kOC8h7M27tZ/FUGDQKT9g=":{"valueMac":{"type":"Buffer","data":"ts0D/1b8Fz+avLR7f2gToqOJP8ou9q/kQRAzEKoDrqY="}},"jTg9A4MeAXczF+rJPW6z9e2aSkQxJgmxvyAjxemQeyc=":{"valueMac":{"type":"Buffer","data":"nLfupqTcHsMH3Z7BHlGkMuo6jaNoHU9gJr9eo0OsINE="}},"kjpfy6IddhlaXEYJLTR+KbzXNuiYK9+/bd6ey5TxXVk=":{"valueMac":{"type":"Buffer","data":"qWCyrVWHETahp2WxpzxCDgy1igIBE5HxgovuhOn2mIc="}},"nkdcYo5r4GOXbeo7LvwRSTimmAu0vAwPqvSYvcoiH5s=":{"valueMac":{"type":"Buffer","data":"Ci4LW4leaWmNipPt+uVxW6b9mBYbYCBxDtHH7GEvKO0="}},"n9xXP6PBDRoI0W+QMylxNrkehdI3nKuCltIM0Nj9AtU=":{"valueMac":{"type":"Buffer","data":"RceJhlvyMsBrPay7kmfXofXNhKOO2dU/KBTgtermQRs="}},"oQYEP1KBtPri51Yc5RPaA+TI4AUIpNpryMck8epnOgc=":{"valueMac":{"type":"Buffer","data":"RzOrq/qLqqk01R1wiRdE3v45IGsK5Le16U+kXkWQAGY="}},"rUeKCl8n8r08BC/NuyYamrnJv4j4aEgztxcd+2ldLfY=":{"valueMac":{"type":"Buffer","data":"qX9hmUNKvSXVY89KGNn8kQKI2yi8aG43N0M5Kb0MAbM="}},"ukwZzmlPP2yeGkMYPeqFqp8xKOMByu91+sHaY7pUJ6E=":{"valueMac":{"type":"Buffer","data":"Ea+QXF0WQisu+qOcJPMeX/y/6UXkFUvW1X99h+0aJK8="}},"vwASEEUklrVAa+HIhbPrz5ZzMNTL9cpI62OT7QGFgS0=":{"valueMac":{"type":"Buffer","data":"ZLQk4UMn+/12eCUEarbnCX33RIeGofiD6WSe0BioSEk="}},"xKgm/hmoAK2BGXaw9VvlNEnyUxxV4TSWl7bUfx2Vruw=":{"valueMac":{"type":"Buffer","data":"d8Bw5e/RvPo6e1zLkfZHkpIUSNg8vdR0ukQAWozgbM0="}},"xvsQcYeRf5r3BVRydX7gUmh4/GjWVf12zizM0yFR5aM=":{"valueMac":{"type":"Buffer","data":"pDYZT4f55++dJp5ymAgBNYpWFJi3YuBZv1zK0UyFcZM="}},"1WiewxWsBaWlj9SD/41V0lnIcy0pYbOrEhGd8916XLo=":{"valueMac":{"type":"Buffer","data":"UUMNvOFnJSidvMgwTbZpETqkCkeDD90AJZDHPFP/MPY="}},"12FGEJc0JsVzOVcQLKW+TspEO4ndA7eMgZJl9WGuaug=":{"valueMac":{"type":"Buffer","data":"QL1wh7oZfsi2IXUygRwhgwzjn76rGKExSKnoYPsA2hc="}},"7/S6Sdr+n0EIKM8lThQs7PhENR2KsRHUzsD7WRyRzxw=":{"valueMac":{"type":"Buffer","data":"n2cOs8doSFoFgpDcls1lzpQD3ahjelU8MANBX8e24ZU="}},"+cFRWqgvRmod8MSJDq1qgOeLNZrnVGCZSE0LEYLEaj8=":{"valueMac":{"type":"Buffer","data":"T3cftMJAAYDcSCaBEXqJon/wMYug/P1i/PZr2+5y9AI="}},"/EXXJOM29u5KdREMxYP1tciQD0nBQMuvIdQL1Pws0Is=":{"valueMac":{"type":"Buffer","data":"m1Kmo5JQZBfQ7Bb2QFoRCZH8QsSlP/GPpzHIvdaUM2A="}},"yuxYbHgmLV0MJgiVwRnmkkElItxBUejinJWWLKazRd8=":{"valueMac":{"type":"Buffer","data":"5hbPb+nzKZ57/ZVP/8ahVg9cKUmzy6wXKMbRS9PrccU="}},"MQQjmY6T/QRgd31zFQ3ZgQ0MeZ+v2NivrgtGimb+GVw=":{"valueMac":{"type":"Buffer","data":"595njbnKuA7+/zsmqFfpd1f7QkvskqHCVHNEhOvlv+c="}},"59B34gYHLnXw/Z67Yt1Kr9U5ECBLKyZpcidW6E9haMI=":{"valueMac":{"type":"Buffer","data":"8G954g371tgN7WKvr6M4WKa+AaHi8j4uCZzVPRPxwGo="}},"+sY4ZsU4SxXk7TKJ8C9FywhiGVGp06WaElDjUg1FRzE=":{"valueMac":{"type":"Buffer","data":"WHLmuXi5oyUwIE9+jzf/O0PA7Glc8j3c7ElAjIkQE6E="}},"QGtkRC6aseUwR0uQqVrRVTY0eTRuW1Bz3G/C09HKaEI=":{"valueMac":{"type":"Buffer","data":"YB+JHKsrKEL1/3MXDzo088UNfxt1PB05lXs7vKM1Acc="}},"hnmhoF7TKYQE2gWzfKO53nk+CjIv+PhSoxE1g7HdEAo=":{"valueMac":{"type":"Buffer","data":"6SzeVmrl9LGftPgStamptzVyYMtCc1qiclfnu+HRaWg="}},"QVBxr3yz3xtbm5Yq7495tpOdQ2CaXaeE8Rc8QSEUVA0=":{"valueMac":{"type":"Buffer","data":"6GolrvG0aILj0yM6HlS74iq37iyav3CSADELpqFVhz8="}},"h0BYA/BUoOcjJ53wWhYckdqE40qoFIduZGVvLsoizok=":{"valueMac":{"type":"Buffer","data":"aiFAbABDDuUjTDqQxEImpcrqLIJSjBzC/pm3Iks4nYU="}},"PqlLlFqhX5d13nBBZ04MLPAAlt+i8du+J537EE+71zU=":{"valueMac":{"type":"Buffer","data":"4C9LAxJQBPHMoucKiUwjjdF0VQMjRMwZykd9YojbrU0="}},"WD7JEG8i/hp7U49FVyec1Nbx6zp6N+vVYqgpVON3/jc=":{"valueMac":{"type":"Buffer","data":"5BFxxPly5XDdyvRaQQLxCmz31fRJfv5HZE/P8NjF1rw="}}}}