{"version":26,"hash":{"type":"Buffer","data":"s+erjmfphZGwRgUu0p/4f6KAX050LxDT2mm+ZqoZ0+Y/rhSjDmR007YVke5dKHnZH29eTjGHj3677rQrmUyTaoOnUFHlDdtJsCWYcddhVb69oQRWWjRmpwudY5xlpxOt5jbMgvUBrXLX0JFRgzfXrFUfqL+UPpvUsaYjbzYo/+g="},"indexValueMap":{"ENXB53B3ZpYTYBTm/xdyLG2caAj2Z+qh2/LU0jq7jkM=":{"valueMac":{"type":"Buffer","data":"BszrFLmNTtTtjmSu7KvDC29ES903KKC4QaMxV0PKXoY="}},"LNc5yRJMESmqbSUYR9FhVQXXfO5VirpPLPbOw56uzZ0=":{"valueMac":{"type":"Buffer","data":"+Uq3k/y9Mj6+zdQNTPrepSr7P5eD6us+cni4q9OHph0="}},"P1odVOp5hMcQfl7V53cuhxElVHuBOcuSwU5eHFVHkXo=":{"valueMac":{"type":"Buffer","data":"qUlj3w62aJOdIvstKw9mva//UQFeo6uGdwADUxYY32s="}},"QDM3CJGgvwfyAHV1Kl9+sPMOn3n7KGeYVAR9vhQjhw8=":{"valueMac":{"type":"Buffer","data":"aim9Nj+TzVJIfkCX4OSnUy1RCS/Klo2bMajH4LrLScA="}},"TG14FMCt2Nrz6gePLWlzk05dBoKGu1WkS8ggYpWvlh0=":{"valueMac":{"type":"Buffer","data":"yTRo5pL/zMu5FECCnQ2c6cFNzYzRdV0ECxiQ/QQYU9Y="}},"XIjf9Zmi2WGSswG8fAD94KyN9dhcLYK7DGS8shmHmEE=":{"valueMac":{"type":"Buffer","data":"LT4X9P3R2/OjkNe32nuTs62uW8fHQeIBDkn6jGrAcls="}},"YUxgj8Q7SNVrxxXOqc4323nMSgg+NbF9E+3Oq04fLIQ=":{"valueMac":{"type":"Buffer","data":"iRWjvGtE7bPuS3ZQUEWqaNWvbp+Vmug0MrTIfEodHxw="}},"dm/qP4zcDFy7xWPGS3JMFyB5lGHnGBzTf6d1s97aXHc=":{"valueMac":{"type":"Buffer","data":"/9Kj+mlDynkW9+6sUAUPhRmduR8x9GO82UE7zqcDK9I="}},"eVk5xKi8+XPcoWtIfHCVEKFiAUJh0wkYS9W0KSP1zQ4=":{"valueMac":{"type":"Buffer","data":"9QsGWcMBgzuHAtn0sydtKzmu1ioBejw9nGAjCwvZBIo="}},"gRq0/pJKbyDCrmHrPLHiTHox0R7J6DU7Kw8ME8C45k0=":{"valueMac":{"type":"Buffer","data":"BGDAN/4A3ZIo0e1DiSgH3VfU+KcLFGqlqULs8p+kr2M="}},"jjdqz5FRCOqt3zuLQDd91aJnwLVVTo7EWMmjp6cLmPc=":{"valueMac":{"type":"Buffer","data":"I6VBL4jDZvDD7ae6AVCCC6iKZN+hXsszBlXzrV+4mzw="}},"o2W0UT4vmEwmAI03oRuihTfNplvnkyCp6BBSLmsLqYI=":{"valueMac":{"type":"Buffer","data":"p/LAg4G/JS57oiGiaU9H2bKHEfrmsQtFlwhQHLoD5rQ="}},"qzmscFV6ACgNHXk4b1lejU/t++M2/gyrBp3BVRE/SXQ=":{"valueMac":{"type":"Buffer","data":"fXgPe4I0l/rGcEd16xZSZfHPMILQVXgV4Eraiva2kYE="}},"rUfAnsFs/Yg64ai3XqtmlJcJodGsqeAf5hPLGvhfWJM=":{"valueMac":{"type":"Buffer","data":"xldkjmOruBTmWD1Hamvxa8BN4V5RsUjzSYwkQzX2/+I="}},"r+SWSrh2nJn0CyDMOt6TIWhunAeA5YuXjwiRJj3WKOo=":{"valueMac":{"type":"Buffer","data":"ZnD07/m6Ud0WGo/BMyA53NSZ1OriihWjcmlr2qigWiY="}},"uXp87xkUJCLtTsNN9vBSN35RjvmrJdp3EjJSNcZuD78=":{"valueMac":{"type":"Buffer","data":"/00rwqZ+S4VWQWqK7+0g+lH85Zc9t7n4XOtL7SuvCy0="}},"0xAWFMxpKWIIh9ffR4VDe7aEkWeSpsnazXt2rngobTQ=":{"valueMac":{"type":"Buffer","data":"xWUnUK33Umz3uT3lSpDUYi0dOwOXq7RO6b4//xtp+mA="}},"vstaWBx57TvJUcBoaofCIm8fp9VgaagVHKb6xj8a9Vs=":{"valueMac":{"type":"Buffer","data":"eeTTqxQ8Y+MgkORMNeSs9WnfHIsqTvCj3s/mnIlUQWM="}},"pvKHUWWLQnPEODLLSVjtPj0wUyq3EQYpJkh5pWv0KCw=":{"valueMac":{"type":"Buffer","data":"UqOxJNaHjBH5oF+ww9HLbMPfJTZnCKDaGYQH0dOmkeg="}}}}