{"noiseKey":{"private":{"type":"Buffer","data":"aNkugpFAtWrRXSmnZEZk74PrnOOtX8nFXu22jrWO3GM="},"public":{"type":"Buffer","data":"WDn0K48cglKZIEJrKnYPtaJOrmOgZ6zzfu277VdoVEY="}},"pairingEphemeralKeyPair":{"private":{"type":"Buffer","data":"UCiwmvAyM60WVUhnU7op+A2SdlCidEakKKDsQ/mFwlM="},"public":{"type":"Buffer","data":"kazFQeQDqT0uBzC2FNuD4DscQFuMcahsKQ1e35bpdj4="}},"signedIdentityKey":{"private":{"type":"Buffer","data":"EOG6QwKYPv+8fBE1Iv8Mke+9ixWMN224KsSVbrjsg2Y="},"public":{"type":"Buffer","data":"8a36Y0mbhGKFpndX6ovCN8PS8wukghSpAV8xr+1jsi0="}},"signedPreKey":{"keyPair":{"private":{"type":"Buffer","data":"EC9kLS5VOvkPB2lInPVdjv/ae1HRfqr26fzM89UiRG8="},"public":{"type":"Buffer","data":"oDbdGyQjQm0vDkg5kLnGbw1ISfrp4jVmptOSjGGcrBk="}},"signature":{"type":"Buffer","data":"hciWQfYEjQa99OCA46JFQnT4Gz20rTUgNQeuxeGR+u5kmGzoGmC0bjqcdVmx3E6PAGJ9AuqXEIF4kBu0URz7gA=="},"keyId":1},"registrationId":112,"advSecretKey":"Gz1xGC9G1MO2POlH0pessVLIJi/eNeYRXuarX3gkl4k=","processedHistoryMessages":[{"key":{"remoteJid":"6285934760269@s.whatsapp.net","fromMe":true,"id":"AB421253717557F160D5E17A38610AD3"},"messageTimestamp":1743790726},{"key":{"remoteJid":"6285934760269@s.whatsapp.net","fromMe":true,"id":"DEA2BF365CEC4537DB06EC2FCEB387AB"},"messageTimestamp":1743790726},{"key":{"remoteJid":"6285934760269@s.whatsapp.net","fromMe":true,"id":"3EFEA83C9F6E364B759A7225A4DD5258"},"messageTimestamp":1743790753},{"key":{"remoteJid":"6285934760269@s.whatsapp.net","fromMe":true,"id":"1C40020A8CB250DA89EE21913156B8A7"},"messageTimestamp":1743790773},{"key":{"remoteJid":"6285934760269@s.whatsapp.net","fromMe":true,"id":"B1CE4BA098B1A1F258E0FEA41E455AFA"},"messageTimestamp":1743790775},{"key":{"remoteJid":"6285934760269@s.whatsapp.net","fromMe":true,"id":"75AFE9B26AED1C528BDA3AD8D995FA76"},"messageTimestamp":1743790776},{"key":{"remoteJid":"6285934760269@s.whatsapp.net","fromMe":true,"id":"D7AA9C9A76A55D66C70EBC7C87E00E32"},"messageTimestamp":1743790776}],"nextPreKeyId":61,"firstUnuploadedPreKeyId":61,"accountSyncCounter":1,"accountSettings":{"unarchiveChats":false},"registered":true,"pairingCode":"W22FHDAT","me":{"id":"6285934760269:22@s.whatsapp.net","name":"kokorey","lid":"5073044263017:22@lid"},"account":{"details":"CKii8YsFEP/EwL8GGA8gACgA","accountSignatureKey":"p9Ht5w+e6miQxp0Z60TAgLsTucEv4PkGSsTRBgo+pTQ=","accountSignature":"8XJoXKGxpQm0gM8WcvM5ADsktGPJUriVGZUgoL7U7PTSRu8+cikT5xUCNsBbMnQfQp5FKgxUr4LMO75lKY2gBg==","deviceSignature":"vfu3tIcIS9ZDOWvlCBhtVi43vt7cbmU2zIAt8hbvXksXlzd16T3GrLRGc8x6vGnVMNvjeLlxZKo1ER8E6zy4gA=="},"signalIdentities":[{"identifier":{"name":"6285934760269:22@s.whatsapp.net","deviceId":0},"identifierKey":{"type":"Buffer","data":"BafR7ecPnupokMadGetEwIC7E7nBL+D5BkrE0QYKPqU0"}}],"platform":"smba","routingInfo":{"type":"Buffer","data":"CAIIBQ=="},"lastAccountSyncTimestamp":1743790746,"myAppStateKeyId":"AAAAAFlu","lastPropHash":"3R9Z39"}