{"_sessions":{"BYASebXtXTujVfXqrCptEvP3RmIeBTIA/6MUGw2Vk7Mt":{"registrationId":165,"currentRatchet":{"ephemeralKeyPair":{"pubKey":"BcurE3IKxSlC1kG587z1dvH7+C7HRNBwWqpvDSqk1wQW","privKey":"CEwwSy8P19gO6aU8eN9AxVp45HYS4aVNrmqLFkpSv3I="},"lastRemoteEphemeralKey":"Bd1na68/ILYTomxiB7Nk8f9ZQJLhlU8dqzV26Qfu734Y","previousCounter":0,"rootKey":"xG4zvWRuUq0L565fVHRiTTIDAdP+RZ/FcNthjvsPv6U="},"indexInfo":{"baseKey":"BYASebXtXTujVfXqrCptEvP3RmIeBTIA/6MUGw2Vk7Mt","baseKeyType":1,"closed":-1,"used":1743790729124,"created":1743790729124,"remoteIdentityKey":"BZ/0QMoDV/P5x6D28rd2ly3o51OFdGnLRCcLgg6uUL98"},"_chains":{"BcurE3IKxSlC1kG587z1dvH7+C7HRNBwWqpvDSqk1wQW":{"chainKey":{"counter":1,"key":"/Uwptx/OBsKR1eHtApZQBv2vrvwTEAeL7F3W5RfnEJk="},"chainType":1,"messageKeys":{}}},"pendingPreKey":{"signedKeyId":1,"baseKey":"BYASebXtXTujVfXqrCptEvP3RmIeBTIA/6MUGw2Vk7Mt"}}},"version":"v1"}