{"_sessions":{"Bc/xTirDJ/DOKZfW370fYV/G1LXKp4+56M50nd/ECTJL":{"registrationId":0,"currentRatchet":{"ephemeralKeyPair":{"pubKey":"Be5ew57s+DBpzv36ap/PnI0fD+3VpGmeWWZvxlFkBIFd","privKey":"4LhVCsMGkBFrCMHrEPj/6u9tgtkEt31cIDQJncsjPnI="},"lastRemoteEphemeralKey":"BUquwPBrriOPrNNQyG0dy2PI76a7HJ2fHPZ5xwgDYrxb","previousCounter":0,"rootKey":"CUqkerzDLxBS5LWxIe257XxsoQzoYLOYyVx6YEIRjQ4="},"indexInfo":{"baseKey":"Bc/xTirDJ/DOKZfW370fYV/G1LXKp4+56M50nd/ECTJL","baseKeyType":1,"closed":-1,"used":1743790729130,"created":1743790729130,"remoteIdentityKey":"BR2u1ysc/6QdYjHZgh3TXqiCZNr0XeiLLj2NBZDl7Rl9"},"_chains":{"Be5ew57s+DBpzv36ap/PnI0fD+3VpGmeWWZvxlFkBIFd":{"chainKey":{"counter":1,"key":"pU58LVP169s8QT0wF0aQdyDwbxQfAXiRwnobL1jIITs="},"chainType":1,"messageKeys":{}}},"pendingPreKey":{"signedKeyId":1,"baseKey":"Bc/xTirDJ/DOKZfW370fYV/G1LXKp4+56M50nd/ECTJL"}}},"version":"v1"}