{"_sessions":{"BYGxJ+yC7PSZiREUI8Xu28H1GA//+3312zeSUFXAlSI2":{"registrationId":558223999,"currentRatchet":{"ephemeralKeyPair":{"pubKey":"BWG14JhsAcWVgATRgW6hBrM/Qfi5OBDld0LYAoFMpClO","privKey":"ADDe5HcCL26iFHrDBNtLEu+zz3Lpdbp8WqxySLoOpnw="},"lastRemoteEphemeralKey":"BSY2O8QjoX26Q3X6dj9WPQg6eNSkxdK7llsV9Px/7VRK","previousCounter":1,"rootKey":"YOzbo61VGKRyIXQyQizpjwTYOvBgmCitRKBUUNUIS0k="},"indexInfo":{"baseKey":"BYGxJ+yC7PSZiREUI8Xu28H1GA//+3312zeSUFXAlSI2","baseKeyType":2,"closed":-1,"used":1743790799655,"created":1743790724760,"remoteIdentityKey":"BafR7ecPnupokMadGetEwIC7E7nBL+D5BkrE0QYKPqU0"},"_chains":{"BRDztUwQGeTRnmPQjE6ilNJRl17rBEf985wyQSrS5BYz":{"chainKey":{"counter":5},"chainType":2,"messageKeys":{}},"BSY2O8QjoX26Q3X6dj9WPQg6eNSkxdK7llsV9Px/7VRK":{"chainKey":{"counter":5,"key":"dHuOcqrCOA7kuHxHRb0Mh9zzO/cp3vS529yIX+Zxzpo="},"chainType":2,"messageKeys":{}},"BWG14JhsAcWVgATRgW6hBrM/Qfi5OBDld0LYAoFMpClO":{"chainKey":{"counter":-1,"key":"qkULl/BCkpm7gKL52slRdeGjBkNm8dkHep+ByVhca6Q="},"chainType":1,"messageKeys":{}}}}},"version":"v1"}