{"_sessions":{"BR4xPIJLsYI8bMibR2W7KPwDg7/Fj30qlM/6SezHmlV1":{"registrationId":177,"currentRatchet":{"ephemeralKeyPair":{"pubKey":"BZ0W5gBwAgzc7U4kddPCFMc6kOOGyLnag3ObiLyAtkxL","privKey":"8PDhyPgY6W3AnOGODQE6zt64WJzne7YPbqYxONPShmw="},"lastRemoteEphemeralKey":"BbuazOK907rNDysbBK4qAJac/+nYyfvJ8ORP+M78WB0d","previousCounter":0,"rootKey":"QXQBm37qTATYlTiOnFY5mSs1vJpVONEeggqIUZ0OWV4="},"indexInfo":{"baseKey":"BR4xPIJLsYI8bMibR2W7KPwDg7/Fj30qlM/6SezHmlV1","baseKeyType":1,"closed":-1,"used":1743790729127,"created":1743790729127,"remoteIdentityKey":"BZPHgVZ+0NGszP6kNjBHGZM/HaVD3J1Xo1YcXRUf1axH"},"_chains":{"BZ0W5gBwAgzc7U4kddPCFMc6kOOGyLnag3ObiLyAtkxL":{"chainKey":{"counter":1,"key":"MMPsZRLSH7WM4w3IgJIGjdAjvwgKjyP6wT/5iNSRAh8="},"chainType":1,"messageKeys":{}}},"pendingPreKey":{"signedKeyId":1,"baseKey":"BR4xPIJLsYI8bMibR2W7KPwDg7/Fj30qlM/6SezHmlV1"}}},"version":"v1"}