{"_sessions":{"BUpfUS+d7QWkhQwK80Zcjy2pHdArSPZjehF9mPG+C70N":{"registrationId":1041184345,"currentRatchet":{"ephemeralKeyPair":{"pubKey":"BSLaKsVqprfSmdBfTybkvS1UtUBh1GxP7trwMFA/xhY7","privKey":"QOLSpY2iojAy+UTFbBz6vr0BotZlWGwJeye3i+xUHWY="},"lastRemoteEphemeralKey":"BVc+ZhSQVyCk5fteTk7SR5oaHbWsBjalZh0kabWzoNML","previousCounter":1,"rootKey":"0zn488figHV78cxX9niEmZ31dZ69+A/oVRGJ4BgujKI="},"indexInfo":{"baseKey":"BUpfUS+d7QWkhQwK80Zcjy2pHdArSPZjehF9mPG+C70N","baseKeyType":1,"closed":-1,"used":1743792849930,"created":1743790729138,"remoteIdentityKey":"BZY7Sj3wOncFcdVCIZUO/joRKenngIgsS2/yAdM9kh1a"},"_chains":{"BVc+ZhSQVyCk5fteTk7SR5oaHbWsBjalZh0kabWzoNML":{"chainKey":{"counter":0,"key":"kNXUkKFAb4Pbp47FsZXW2fGWMsKj5462fZFc9aaz9wE="},"chainType":2,"messageKeys":{}},"BSLaKsVqprfSmdBfTybkvS1UtUBh1GxP7trwMFA/xhY7":{"chainKey":{"counter":-1,"key":"XtXfNuax+Dp/9J0M4J7t5jG9zsHqX6i7ZO4wDKEVWOg="},"chainType":1,"messageKeys":{}}}}},"version":"v1"}