{"_sessions":{"BX3jckHxwU4AIySEOM76eU7GqoNVSFhEAa2sAw5vJiZE":{"registrationId":1827051153,"currentRatchet":{"ephemeralKeyPair":{"pubKey":"BfmVxmxQqt3Vm+eInp71sD26g93kj09Wek2krfwnaTQe","privKey":"gKEtGbV0y5y9ueFRP8RvDRHar1WEcRRHOU3iaIM7B1g="},"lastRemoteEphemeralKey":"BfwIRrSSdEJ6j6N/oSHTTqhaz+OFtFsUScIv4WkeDEUf","previousCounter":0,"rootKey":"C0LUPFsiRcYEZ94en3prju9gqvbeaYwjjIPX0eBZ0vo="},"indexInfo":{"baseKey":"BX3jckHxwU4AIySEOM76eU7GqoNVSFhEAa2sAw5vJiZE","baseKeyType":1,"closed":-1,"used":1743790729133,"created":1743790729133,"remoteIdentityKey":"BcM9sfv5/fDFaE3yCiAqQ6apF+s7xjBEhT6LGFYoXb4H"},"_chains":{"BfmVxmxQqt3Vm+eInp71sD26g93kj09Wek2krfwnaTQe":{"chainKey":{"counter":1,"key":"HRREBrLIsNQ8bgz1YizHS+dT2SvAG6AAZ2CIzF/St6s="},"chainType":1,"messageKeys":{}}},"pendingPreKey":{"signedKeyId":0,"baseKey":"BX3jckHxwU4AIySEOM76eU7GqoNVSFhEAa2sAw5vJiZE","preKeyId":7847569}}},"version":"v1"}