{"_sessions":{"BcGwFrIb24e/GW/qt890dgZEVbXCDqKTf3bDEiTAvoJ3":{"registrationId":263302097,"currentRatchet":{"ephemeralKeyPair":{"pubKey":"BTr6c6fKkJN0No5RCa5XhsUWRSp0GwYdZKClt4x2oTx3","privKey":"4PSS3tJ6s0v6zdzTrsrHpooSPrK5RPevS8pQv0BVXFY="},"lastRemoteEphemeralKey":"BYQPpgQ2AqJwxCgYHO+o5xj9HGbnU20hwo244GgFTVIv","previousCounter":0,"rootKey":"J7zoXATUTf29keRStt9FIV9AwQGRy3kMDwT/Q/DsE7w="},"indexInfo":{"baseKey":"BcGwFrIb24e/GW/qt890dgZEVbXCDqKTf3bDEiTAvoJ3","baseKeyType":1,"closed":-1,"used":1743790729142,"created":1743790729142,"remoteIdentityKey":"BcbKuEu0lLYNmMCOFlrTNMCi5KJXDxPrxywBDg5A1Bh6"},"_chains":{"BTr6c6fKkJN0No5RCa5XhsUWRSp0GwYdZKClt4x2oTx3":{"chainKey":{"counter":1,"key":"oE2aF8yVNxZOPyD3c+ZjobhZK66iLknm+95BkdvhG4M="},"chainType":1,"messageKeys":{}}},"pendingPreKey":{"signedKeyId":9694184,"baseKey":"BcGwFrIb24e/GW/qt890dgZEVbXCDqKTf3bDEiTAvoJ3","preKeyId":924}}},"version":"v1"}