{"version":3,"hash":{"type":"Buffer","data":"fiZNINJpi6JY4+Sieu2wLXd4BAflHoXwnGmajmRAnLYaAVYgNx2ZL+6e0CHwkaOkjBdsZCo7hKg1tC5KuUkQbPsn1JdjWVpf6VfaTZTf6Ld7Xb6lPPXQdw7oD5nLkDbmm0lYVPD7RDfXHwobVulnwdrtJqDQoOFl6e0VO/6X1+w="},"indexValueMap":{"xXTGxfBM9ebFyM7yAYabhZhv6tgYPQWsYG532Yvcn38=":{"valueMac":{"type":"Buffer","data":"wJshvOIdqbvBOYNkdv9Fi6ldX725ztNaFB3j5iBeJOE="}},"0c0azk5E64fg+LGP3zUp7G/+IhHEJDJCi9nbhgSuTG0=":{"valueMac":{"type":"Buffer","data":"TB6/lXLBBPZtM8GCLuv615TwYUJ6wu8IPpZstkI2mME="}},"6BCy/Q9yKE8WflMqt6a0aN50d+yRRc8kXQVY510d49E=":{"valueMac":{"type":"Buffer","data":"BGmXkj0I+FwKlYXNFqt1dCUJckKKFdtDe+uu8LH39qA="}},"z3cN2qh6rZdGOVU2sqpKJAV+D0KwgcktmJrEcW4zjE0=":{"valueMac":{"type":"Buffer","data":"Em4qVMFflcIhYOUXpnKRCGBXgfUr950u02i98mOEhM4="}}}}