{"version":2,"hash":{"type":"Buffer","data":"6LDoJY9tmUbgm8x/aNKzIVGsljI7C9yftL6vaBAr9AI8GgKoS4hrZMxeWIfQEvNQ8dRBudcp+7OPGqcwdh5OvwD97EPWyjU+tqGmlMQlBNvs8GZg4ad+IlteUsrz4NY/3ycF0DFFydOyz5qRaFxXs5BZlTjekPZRlkwDbSIOQkw="},"indexValueMap":{"AOZk3/CTQ5S+9J5MbkfNa5td3l33s7D/yhSd12craKs=":{"valueMac":{"type":"Buffer","data":"vu3wUxUhcG2Ol3kpjvVpbGj5DC6kAHwB4c5ObyEJZo0="}},"AdZyXQLd54tQAyHGbVOXWu/P3W9A9yQ9gPSLF9EZN4I=":{"valueMac":{"type":"Buffer","data":"Hb3g6cjkg11CPZY1laLx6vCKd/gC90lc4KxLh8Qyi5g="}},"AiACvs+r5cfmPjFq566UjEtEkv10jHfxoMMZ3RUAMwc=":{"valueMac":{"type":"Buffer","data":"VZvT1Wx3+LwLR2Ty11PJg4g685BizoLc43JSoLqViN0="}},"BPqfq9t+DCgiWZBeYokvKP6cLIZanwtfJb/U7VZRASw=":{"valueMac":{"type":"Buffer","data":"6rDBvt20anDcUHt3XYZQHIcHc0NS+8Ezdw2p7vA1OcM="}},"BhVIsMF8cupACNioiKooZ0HYTWRCPqBuvHZ7bjA60xA=":{"valueMac":{"type":"Buffer","data":"6EddR4xpkf+lulvWUdGkUWcTigoI7A73tDke1bs0928="}},"Bj+VP6aWGTSbPyrVqGpVAa2aeYfj+JaStuy+s0xbnm4=":{"valueMac":{"type":"Buffer","data":"LXkdwyp2pBAKVylvTFSwqkW217KBMdk3v5odN0R+jDk="}},"Bqcro8AZUejPF/5PpVIR9a9HLHVdP7JJX6z5x/5YxPQ=":{"valueMac":{"type":"Buffer","data":"nAj/HEdRPP401XwwRO50CqHPoRKrX8gJ8x6lxLAGAe8="}},"C4xqIoO7CpXqMPY8SMGrz6y1Wu+Ah37DGnuZZc9UrZE=":{"valueMac":{"type":"Buffer","data":"FvNNw++cnZ+6uiYNJkFEOMeMibt5B+gSCUBJjHPyfh0="}},"DWvLT+hZaKhvBKWWa5KkdMYqfpDGenVpQzaU1pQ2o4c=":{"valueMac":{"type":"Buffer","data":"5yqpLT66Zh+ifa2pzwPIKXr1kF7G/XHXk8g9Rx2M7BU="}},"DZ8dtEQ4IqaOdhvYSLv8Xi1X6OrBTxAVeDieXdMtZBI=":{"valueMac":{"type":"Buffer","data":"99f874tcADGU8MkCtiYfZvRdMMoLfPfcn/4mmcRXIsQ="}},"Dhk15RFXacoTJEURHkUQx9Rpyd5fTZmqsESwk09V5xE=":{"valueMac":{"type":"Buffer","data":"WNvISYet1PPVR2TxBPtCO+tzNvrZ012LTvrVpsxmflg="}},"DoQ4C7U7Vpo9vg1bpvJfLoLxC3vxSB8Xjal0EousWVs=":{"valueMac":{"type":"Buffer","data":"2U825O1u3aNolsPt/pai6oXIlxdbGl+RqACgpyVmPs8="}},"Dv6H6scmj4L/0rvjg+YqOARoswinogoKF9Cpcz3VMkU=":{"valueMac":{"type":"Buffer","data":"aX4+HuVBBe1VPLtHeq2y+wcPDGA8isQINcIyDTk2wu4="}},"D1lKVJ7r9soI2/WLx7DXVvHTZu6lrhEeRxk5hj5qV54=":{"valueMac":{"type":"Buffer","data":"qcQPW/D7i9nPPj5+fCvXPgyLHj+o1LP1KWnFGXpuSJo="}},"D60iRspG6uHtV8gbkAVFZctaHOps7GJjecxyEj86SHE=":{"valueMac":{"type":"Buffer","data":"vDcKq+QaR6u65/SnGWHhD8yQzFHAoZ7BiIfYDBVe5bo="}},"EC94MO9gYgHLS6QT4N8tEC4JrNJwOukoA/nAF7woGeY=":{"valueMac":{"type":"Buffer","data":"Rz+sWheyfQyttXutChpDVoJDlvVTz4j7/fLCpGPq6wk="}},"EZFChKZ5/sY1qgof42rkeViNNSdiCyud1CppsH/VfAE=":{"valueMac":{"type":"Buffer","data":"tE/OtC1lOpC4AchTGnwOKIBkj6u5eSZFwV5mNVd0zDE="}},"Efzae3NP+uMBk35+LfwdiePenJgp2EvFxIjRERzudrE=":{"valueMac":{"type":"Buffer","data":"ESJbFyqQ7XLqI0HKOSANYnne4yR1KM651091AYcHGOY="}},"FOxXCkpY1fzXiOnADmU0fssm6pP2/gEatzhn1OHN7jk=":{"valueMac":{"type":"Buffer","data":"gTN55NLz/KtQcYKwHWTsA01kvTnbpztzsSdeUbQ4xA4="}},"FjLdj7X9mZrrFFA5DX8t7y7iSdsHes7QcuojpBM0+mw=":{"valueMac":{"type":"Buffer","data":"u7FJjUbrA9HKTavCRpISBsRRLejJ+3IWjKf/TG/877A="}},"FrKbb0JmPcLCn9Xq960jA9+xyM/JlxJ9MAmtl98RUOU=":{"valueMac":{"type":"Buffer","data":"SI2wIb1qvCNs8u/S480ehlfvtSJkmY/e7wZBv419tEA="}},"FvlELnUvjBnGOhPPtnMPAHFojfhE2yojw+7F61AfA/s=":{"valueMac":{"type":"Buffer","data":"yfSkhRGtRyHMwri8SPk1ynNDun3BiPcEKPfaAiuCte4="}},"GMko+x7xgR2VdPP3WbVkS322hmRBYyblQqAWtJJ7GIs=":{"valueMac":{"type":"Buffer","data":"5VEsDn5BIjhFPKMwbM77RyU3zbD2AF3WHUszKIdmcc4="}},"GVEsQquFjLkhr/f3659kXKW2O7A/W/qoibUL5KKJgl0=":{"valueMac":{"type":"Buffer","data":"pRMWt3pNWMf+1EACbgOjiaYJmp2TVrYYb7kS61hyTc8="}},"Gc4+Hw9W7uBgcUAgtKQ7oFOtFb5xd6mw0nDOselTGPo=":{"valueMac":{"type":"Buffer","data":"N5WS/ulQcmBCSRVDWaCB5EC5G9I6f4QOFPzhG+jfnS0="}},"GsKUZbnSHY6/dpc4zhEBPHstDdUNzIJxtZkW5Aarkd8=":{"valueMac":{"type":"Buffer","data":"ReWY2kJOpKfU+nVRsVM+tlDb5Ef9CnLhEN2etS5jaw0="}},"G9aQuUcVPeonsEc8I5XPlXGB4aa6sGoaYTYlGOg3xY8=":{"valueMac":{"type":"Buffer","data":"ZYxAlryOBeW8gwofggvE0kBj3JQcGHBII5EXUcwT8hY="}},"HsVYKhZEx2zzsoO56nheaKJmJ3ckpYTebRpQ500IODo=":{"valueMac":{"type":"Buffer","data":"jm4nScQU5t9wNiu2VFvF3INUPyrd5CojL/NyFLnoqJA="}},"HxxhZQz1C+2tR/Ih6DuVHaKWzTEqVv//ypNVt1O8ZSE=":{"valueMac":{"type":"Buffer","data":"EWdB8rzX+fYM6IB3TgtcrV7WK8C8B2tTOGgA+PzkcSA="}},"H2RtlRrEkQtPB5jwobFgxGqLsuUlJM+LYt8c4PxfYTA=":{"valueMac":{"type":"Buffer","data":"jusd5VUILWz4XNEoU/7MtbhtLrphrIlj6yTYaQLWyhw="}},"H3rVprJDBSjj/1e2POoNxmBzuSMrfe5RZ21fPXxR8qE=":{"valueMac":{"type":"Buffer","data":"lTYlAxAv42zjlX46tlo80MFJeL57SFn1OcMhWA0MBWQ="}},"H33GbakI9kSzvrJTuJpMna7QvdUX20cepDnZdLEa9EM=":{"valueMac":{"type":"Buffer","data":"njvuj3kT+5w5AubRs/g38LU+wL/cz7nFVRfSqI5he3c="}},"H4Flo6shHtxG9eD8b7mL7lMy/YSKMdKW9sRB7BYp3jI=":{"valueMac":{"type":"Buffer","data":"pDHMEld91rdAbiTaO/WN/4rgGpULPQaeUD9szGkRWzE="}},"H/be7uPbG17HwbtbOWvdQzBwmo6ikq+f92QxhsIjqss=":{"valueMac":{"type":"Buffer","data":"o+LQZMgds6SLo4Slp84gu8eldrO/JPpTVDMjkG5jOUQ="}},"IN1ZLmpqsbyGmSpsmLFPx0lV1tNqCAJ0y+wR5af9TW0=":{"valueMac":{"type":"Buffer","data":"+iJyLax9nhZ4KXw+wsoLXAtmv/OMzUngRorG0b5Y6Dw="}},"I1v0R5FxWz2WIlV7Oqe2wLAqpteSO7zi9baEE1szKsE=":{"valueMac":{"type":"Buffer","data":"1t6bk3CGCknQu0Em/sH9z9pW45w/6wAtlamopPTPKEk="}},"I9a8fKDMBJqxYwAOFA6HhR0EB97HoXmJ4YYDD9X0jSQ=":{"valueMac":{"type":"Buffer","data":"oAvW3LGEuDbdg/pTJOw8dg2Qhc4bPbeoGnJGNPwz9iE="}},"JIEPm3d8/EXj1gwdzy2p6HFUa3B0AFd28fmjSuGpfFY=":{"valueMac":{"type":"Buffer","data":"UGjXVxIHaE2TBnd75Rm/LJOZt8xNgy20KQBhDRLE6VM="}},"JX8FYiJ+aY9rtSBvr+Avv5cyyFoNhUh6uRHPseKC9uI=":{"valueMac":{"type":"Buffer","data":"mrfM2M80pCTa4yre/wO9GRGeDkzlgXiR4NCc73UWjcA="}},"JiNFfHGSYJxqTtRjJUq8g6V6XPYz4dNwkth9ozouQGA=":{"valueMac":{"type":"Buffer","data":"mFdSBAwZRn1aSuV2uZxQLcHcmYvC9Im3K8G8hsUcM54="}},"JpYvl/VndY4DfoAz9wBWzq6kE55hjhM8a6kEPl1W9mw=":{"valueMac":{"type":"Buffer","data":"/lCoi9yYH1fGznEchIN23HkKv2tJgma3g3KLsCrgWsQ="}},"Ktk+ej+hhwUFAgGNuGCrjnJ/qDTnaS+WV9pynvcY1SU=":{"valueMac":{"type":"Buffer","data":"4ou/PD0R0ji+MTxjrcrbn2l7EyYz94+uMb+uXa7nH/A="}},"KuIX7+y9JxQXB5QTrvwOvD42IrHDabpoALxYiYYlxaY=":{"valueMac":{"type":"Buffer","data":"/8ZbRpGIGrr2Gtgp9OddKlEyD2JNdxBgVN4B2GQCmiw="}},"LAq6kUtNzUZKaiwC7zeMaqC4jBdMUuPNjWpuLdWX/4U=":{"valueMac":{"type":"Buffer","data":"Z9WRT4i31OuEk787UpVYu1HMSniWS8reeHI6m9gNEUY="}},"L6xFxCCpWE7Sx9ryMpcgNniVoFNrGdP1bYjRt1LyIes=":{"valueMac":{"type":"Buffer","data":"cA3eduzGlmyGGAzJtdYepuOVBYOpsZg1qFI1eGoo24M="}},"L/ddr1hYXJk1atdVQsjzolC2DjaGwS2pXH715qhDOak=":{"valueMac":{"type":"Buffer","data":"1bs4rACiK52T74GfVob0fY9vjOo+c7hW90AKhcNhMso="}},"MAr68AO8Yn+9erwA5VVzriKOQyy/Ti3gaYJHmRqAvNc=":{"valueMac":{"type":"Buffer","data":"wG/AJfkPQkHXqEyUQ3awTY1xn8Y+CesFfK3KVuxHNqU="}},"MBtQ+XEj6WBmRcwFwbXhhbHhGMxDmEuXwCKN/HTwtp8=":{"valueMac":{"type":"Buffer","data":"wVnYngkB9yGlau36ZqKg4vWWw90IGjXIxHKS80tuPiI="}},"MCByVreM7OTTy6HchCfdRtXk9tlivnzS1h6rvQz5xMY=":{"valueMac":{"type":"Buffer","data":"3pNW+O/q03FjKDHPiu+Y+NMj5KS8o9SrHKXHPFNO8Mw="}},"MCc4ZBWLB/TDemujnBdIs+H8E8pu6hynFe9JWY+/q0M=":{"valueMac":{"type":"Buffer","data":"DMcDULMbPvdU6MuwSKV7c/QOVCmcY272Jbtst99SBGo="}},"MR/1pyLOYyM83YMGeNL4BOn1BemCa01cozrDObGoycc=":{"valueMac":{"type":"Buffer","data":"tnNV4grUgVwWQPy5K0MYd/B5rjnvapfwpMqhKbCQ3sU="}},"MYzVC0UzFmhgCP/FddBLPbOJuHsfKpl7vMpCVfGJuwg=":{"valueMac":{"type":"Buffer","data":"68ndutwhTXxai4eQrFAWvhOZ8RhdrYR4KDDk7Kdvki0="}},"MysCdaBatRYN25AplozICOI78fhQzQOrQx35XfrXTQQ=":{"valueMac":{"type":"Buffer","data":"98BgWI7r1oauus09X7EKa9xJYv+akVQqGhmlNh5Cj/s="}},"M8H1MNnx6PWqiYZe/Kd+eEghHHX+SgSYfoRRTmQSwa4=":{"valueMac":{"type":"Buffer","data":"u7HRsJCK9stdAlLJ4xQND0FjIRp3X6jVWYSVdWST+5g="}},"NihqpzJ0WwMJTo2dfhzPAH86dQX2yOvpyu2g5WmkgAk=":{"valueMac":{"type":"Buffer","data":"I1/O4XXc4N5bL6Sg0xdhwciguqDXmWmWWPx+HMWQIac="}},"OOg1ImysCblCKLGMpmcyhxdlOVsIffSQzvnLcGEq/gY=":{"valueMac":{"type":"Buffer","data":"nPKNRCYcrUiuVovvFmkUHwW71SGg0YefX9tREsRbwfw="}},"OOpkjbpVWYlAFnnZ8O1eRC3fzxBwtXosX6nCL5ZW7xU=":{"valueMac":{"type":"Buffer","data":"BOmRa7yNsJBELexnNXKy3x5qbBlPfvsV3Q06gLcggy4="}},"OT3xcVv2YQ/v+Bqu81S1CCry30YYvk1zsR7H1F9FKLY=":{"valueMac":{"type":"Buffer","data":"qs8FnN3GQ8GoI3OtgqL/YsdlHk+A3PeLntEXX4u8bIA="}},"OXJ9/+uv8vJ3cbCrbcdHyCWyRt8/9S+22YaeA0Ejgfg=":{"valueMac":{"type":"Buffer","data":"9dT85AeedDF7JvNHDnezLZS1WTesEVaOhJP9c4zj/6w="}},"OlsE4hM8+oBwXP19posJoVbyzM3uCENKrxsXWg8RYp4=":{"valueMac":{"type":"Buffer","data":"wkB0wvOTcf9pIE/D06s+pKy6J+qGeTw1WnObJm4rbJ0="}},"O3A9gMCfi5Pfzj1AiCtq7jJV+IY7FgQUnXofxvWtPHw=":{"valueMac":{"type":"Buffer","data":"gml/LEe5wFSvppesXKlR8Iw1QPZ8X4I6FLztn4biB9U="}},"PaV3Qnfxy+S1ZrfnT+P5BokJ5ac6OKOPHS2D+kXksvI=":{"valueMac":{"type":"Buffer","data":"u8F8oXJnCTLqk5un8mxEZ4fTBPs4hcEDZvFDkve/zFQ="}},"Pg3VbXZyYbg3yhCADoZPZfOoBhUG4WZZ7bdvX5MDoHY=":{"valueMac":{"type":"Buffer","data":"ujnf8cTSNtkhe6zLWwuBGMyMLgzd/Pc/BVDErEUwf3M="}},"QL/zPIOxrxrH5KFhZRZMnTbvXubQVyQJkCl3o+/SuSM=":{"valueMac":{"type":"Buffer","data":"WznKpjN2QGm+IC3xEWtS+cDz7rRVlH7i4A1Xq+Jsusg="}},"QQLb0rK1bXcrIJHrNaYuNhgnvrvrefNd2nagmBfRpbc=":{"valueMac":{"type":"Buffer","data":"vMtm1V/uq8ctDak4k+yE2RV/G5pYrNlb8o7SaY4xA/0="}},"Qa4tJoeK382YMh4zkTtE2VIWwA8J6rWp/UjjTuFR2vQ=":{"valueMac":{"type":"Buffer","data":"gIfWyBm/LzbrIeEJXh3rclSKIgMA5XjXOgOE/8nrMho="}},"QeR9UfRg8vneyyz5r4fQJ4eOvaTdHTpPBFVIUuIZdmU=":{"valueMac":{"type":"Buffer","data":"3GALw/xQrVHVS/br+7M8rfYMP4BrJ25pGBIbbq8DacU="}},"QnuObE58H6UOjY9nDM/b+YZjYpLNKB+Mg9Yp7AzfpFQ=":{"valueMac":{"type":"Buffer","data":"k375/GhfV0M5TJgP1Fj9QCXzcyCDLSZTyk9zIBGhpsE="}},"QpgS3qNH4qR9/+jYhXhyaA9fcZ983wllm5OtHGgZDk8=":{"valueMac":{"type":"Buffer","data":"IacNHcbJPK0WlkpW/jfb0LP34Z72v76PASlNM87cXmQ="}},"RZHAUm1dtArTX6StX4sPSGZqOzWrNxcHqLuqj3e3Gx4=":{"valueMac":{"type":"Buffer","data":"+KDR5Q3+hO7N2YE1q+dcuYixObJNhKSUBLuJGttIimY="}},"RvsD/Eyjjmbu6IfZCqSf5EWSMA6Q3E2oV7hg8aP5Yxc=":{"valueMac":{"type":"Buffer","data":"YGg26EwiEZ8peeKaL5HSwQ+eobsMNI5gJkPMHQUUyRg="}},"SBNTk3b8lLT/ow+Y1mUb22nlKTJDdeJLYcD9fTmJMRc=":{"valueMac":{"type":"Buffer","data":"DLhoGZEeyoxN34W541HOHYnF2crLXcJkpPvUPY1wwik="}},"SHIpkEpQ3QLnd/4gM8FTQ78tHCLvFo+RwReGlT/Jpj8=":{"valueMac":{"type":"Buffer","data":"dsFdyJC6hJU0x5PrM7Ww9DrpjFHWOvM5YX2Wh6xHJPM="}},"SPoEGHBgp8bYMEyzrdbnyxxpdOVol0v+tZwV0/p8S/I=":{"valueMac":{"type":"Buffer","data":"n+OBKp8RBiMKfgbsgwQvvt+5FYD81GuTuvn0EzHCwsk="}},"STd5iBqaKAPYXzEz0sXd5r98WxghvlNgWrHcJAGcTOA=":{"valueMac":{"type":"Buffer","data":"Vk0VMkQUesT9QuIbsx4N10GY/YYrfvcuS8Nn1iT1PoI="}},"Sg7YnkE0o8sEuR0Ux/s4A98j+JEv9wTtdwR2drQpkDQ=":{"valueMac":{"type":"Buffer","data":"cVgAY1OFyRISEaVdeJd7fMGrwbN0mvRnx+Nbq+Z+GtU="}},"Sp4jU2PFi2nO4GKtabRQjZH7Vfo4g8aQupmNEDwQSzk=":{"valueMac":{"type":"Buffer","data":"9UJHmqfpEZFkrskwrF64VZmJQHI6qirNzfOb3DM9PXI="}},"Su09fxw0unU/4nNuNOD8Tv7z/Q0QblJb1aS+zzGrQ9Y=":{"valueMac":{"type":"Buffer","data":"b9dEUjjVx8sbRWFXHbTDqImN4VAU9HoJGX+HoUWc6dQ="}},"TwbPBGkulDIQ8es54tx54jPOXbPRN0SzNoW8vYU1U98=":{"valueMac":{"type":"Buffer","data":"MHGLi4ZYj1epikj9kFoW2ZN9lyl9IddpHupZjzS14a0="}},"T5wzg94slnHyrOI7fcwU0sANT+KbdoONQRWp4Wjt37g=":{"valueMac":{"type":"Buffer","data":"Zbk4XL9GFjCBrnSlwxySuPr/JnGBXQewBEA/aCHYKfc="}},"UHXIyqlxHsIgfjiyt9iTfHLUyELmM3Dlcs77N6QRCgU=":{"valueMac":{"type":"Buffer","data":"mQccoiNmhO/l5URe2o0jUilhLt5sQXPE3YaIQS/1MUE="}},"Ubg2hZ32FKjToNBaxW12GuSoo3E8jKHzdxQiUlKO6Fo=":{"valueMac":{"type":"Buffer","data":"cHcVs/YDG4ZrXHtYodvXUO3uRpN5gvkJgm3ahsd74WE="}},"UkH3OjItw63j4WaTi8txm8yjGZTLzD3kBc7S6fLfZ1E=":{"valueMac":{"type":"Buffer","data":"WeTNtPgkLPnqS5RqN3cvsQGpejHJBCdQyuoSnSp+AXA="}},"UqmXztUbKVV1FAFKd/76d9ZWx/Z8/ucWSh3Gog295+o=":{"valueMac":{"type":"Buffer","data":"h/ozp2CjuDC2GjmlmjwgIn+M5v6+5IgIpVzGLVvO5Ds="}},"UrXyOLCDENeeyELIUbVUbE5TJbkOF53qzvp+MslyMsk=":{"valueMac":{"type":"Buffer","data":"6mnrY9cJdqhrbA0mh9EF0nVdfXOxHOIlkewpjqStSu4="}},"U53f0hr9/jx6gkU1yu/juLrNQw4zRKhZ3FK14/27/z0=":{"valueMac":{"type":"Buffer","data":"eBKP1bwA/KwNJu7n1W8Neb9tWs7jy9FhEuhZCcN7he0="}},"Vil5IhHx5iHZyZKKjMSvzinZBANMHUix0kiZUu9AElQ=":{"valueMac":{"type":"Buffer","data":"GygtHzW0bP32/kR6A8ZsPQzjwEYHQ0Vfm75/uLH7anU="}},"Wi9kTY71zivbdBr4zpJRX8i0clcVOIeoQN1EPq4H7zs=":{"valueMac":{"type":"Buffer","data":"3zQJexxCSXTktGwqz5HOjZJ/gK6yrOykawnKvR9Dw9Q="}},"W3Y9PtG8nVuZubT5R2qJ3IxZfWFudcLy4XHRdrjPIos=":{"valueMac":{"type":"Buffer","data":"vKcJ2lgwugtjmEGjTxh+E4G5LMNZAmx/uGqA2V+zWbY="}},"XAl1FpajJshG9d0DbL5lKbTGqyxHIUAtYMmmkzlD8iw=":{"valueMac":{"type":"Buffer","data":"I7pkftIjpS0RZuvzE+1bwb+zn2g9fjVThnek7e838tc="}},"XC+NcpZPuKpgES8QiRj7WSYIcSstPVvF3/82GdwcYyM=":{"valueMac":{"type":"Buffer","data":"KXEzrEpMyLxOauA2SEKb+ERQUUTLbnOcDJqgRlQ9vjQ="}},"XIx1onDxjTwOdTTnHSGek+CazaGWNRLiZCRWriyDQYM=":{"valueMac":{"type":"Buffer","data":"QCSWRb68zwyOYcRhpJ6mIhk7S3pOv1mNH+kD2tU1yKk="}},"XYsCdiLymooqot/X53UMQJ55xeMiltoBLI/Dl4MA0aM=":{"valueMac":{"type":"Buffer","data":"iatHQ/myNp89/nz6xCvsZZhBCqC9tua2il7thqNRw1w="}},"Xca2KgepH96QH87ww/7GTbIPhs+y1WUmjkrx2yTRNiA=":{"valueMac":{"type":"Buffer","data":"Top3po2SYPe+NNNKOOUyoy+Kzf1gHSWyba3COgfxmbE="}},"XyER4ughiT9Oa2E6P13gZJ8XsyIxSImfj0AvzxZCV7g=":{"valueMac":{"type":"Buffer","data":"N9IZTx2z5PBoDHM9F91K8LXJfk13bhdetdw53dOzAD0="}},"YNTyrRs3Y8jMu/to7aZvXDlFoVyWLROCWRoKcEQrUgY=":{"valueMac":{"type":"Buffer","data":"uPcgsVcGPLWgWonv/2lujnTp504SB76nO5jemVZEXXc="}},"YRnHH4fJNHvYyflgYxF7nlHR4b891iAaUglOk+J6Y/U=":{"valueMac":{"type":"Buffer","data":"DanxxhvOUN2oIbkajqsZWFZlavb6y1dJmDU05pWKZco="}},"YnQy9qhdZqLe/HXGNQ82/DNPkHmx2kJI3+CMJP2zi6w=":{"valueMac":{"type":"Buffer","data":"VYDARN4ZE3jlGXzUOZwPH/4VgYe2R08xAJFrxeZGcdQ="}},"Z06vnAainywZuK+6BPoR6ZsSpkPgt+MpbU94mA3k0nc=":{"valueMac":{"type":"Buffer","data":"Ggw4iCp/gnHSMHIcUy+9UtStl6/8elQaSXxjtfpMbKg="}},"aKbG2wCw42+i2JS8/m/ePaA+qM65Fjbgtsq5LyDrqiE=":{"valueMac":{"type":"Buffer","data":"NcrNNNqZ2iR466DHl0tLKTWTMP/+ZEQ3kpyXQ6vobw4="}},"aemZGHLC1O8vwWnekREPiYQN2s6t7hrnNCiadWThXP0=":{"valueMac":{"type":"Buffer","data":"3+AZKltJzRRtQah4kAMTof81S6UvhoR9lOIJlRXfTdU="}},"aer2NXpX2I47TrhxJhyXZRatHRH3n9+eDBBlMO+QIDc=":{"valueMac":{"type":"Buffer","data":"agZFR9h7SyP10lD8OZQFQllB9ZNAw/2kAlCQymPRdjs="}},"af5Br6Hyj//ORxtgUViC2F7P8LYVNiUSJ7XzCALxSZY=":{"valueMac":{"type":"Buffer","data":"7niZo/oHSAADlcCv5AGJ1pGL7LDm8QYpQt8q/kUVEBo="}},"a1N8nqIO46dAgW5kvmJz1uRCUwuvzgwyBZHSVHSSEyg=":{"valueMac":{"type":"Buffer","data":"31VG1ediSmcm0GSH1XSnBXKOXumQqq1qi6RzKgM8SnU="}},"bBfnkV+OpojRWCngf5d6h300Ll+gqTwSgzeFed3ip58=":{"valueMac":{"type":"Buffer","data":"O63LyGJfr+vKNUNe4/HtgoGADVUi4ErYxL6/R3Ffxz4="}},"bL0YiNP7tVygh+0tODt2l2dZUnwhjvQixThddNuko6g=":{"valueMac":{"type":"Buffer","data":"VIgTzpMFCFWzsdXHtIr38wrbtjgWmxvxqTD0Q0Hc6qo="}},"bNyqwgj68zSEkqBEDvp/nVk/v2XPYQvCc4hs41uth60=":{"valueMac":{"type":"Buffer","data":"x+C40lYoUMEC5qNmnjVIe1ycw4fUYR3DNA3++UecU+4="}},"bXYElGMUzUFtKuGX0JzocQ71xHLhWA7094PTXosZLQs=":{"valueMac":{"type":"Buffer","data":"L7uatJ87XrPgFmr0cB9flZ/VdNdDaDAMcasG0DphGas="}},"bX3trcE8/nC8N8fjNYF24VX2OFp7EJknVbvzwopwvTk=":{"valueMac":{"type":"Buffer","data":"3m/CKz0RQRtJMaCX4BrZtslB5MTlBT+8zSGv9GmAVaU="}},"bkkdroCiEnwy+xbIzkGOUGFOHVoiioJwBf4S3cSobQU=":{"valueMac":{"type":"Buffer","data":"uRD/qYUekodONkNahuxbQT/+las0wm1yyAysaPa6TCI="}},"cmvcYqQBfyndEf6+v9GgjLaCFAoFhyWJd8KvGfZ8g6k=":{"valueMac":{"type":"Buffer","data":"aoNaH0fW1pPX297dN6oLVSJgNf0i2F/OMlQ20BG9t/w="}},"dOeHsvuOYEZKy22wVKB+iwqVo/uefe8uz4ClFrR8tDE=":{"valueMac":{"type":"Buffer","data":"wctJ3m0kZGo6CVJ45Zyv8ms3H81IvgLSaniNGigvavE="}},"dWAayOSY3PTqPNuH1H2Wh1fEV5U3SYOlauPb8TckXgY=":{"valueMac":{"type":"Buffer","data":"KDDuyFg92LHbrDttbW5XFb2fILPVEqLIYZ8vwycKdtc="}},"de5ik6cn1gqTHyDw8Y+yxuKkdf3WA4G5Uh4AwiAhcI0=":{"valueMac":{"type":"Buffer","data":"4YXJZGuSyWFRE7tcKycTsiz+2RpyWxVHGJdPcK6+bAs="}},"dpdyRIH3kXrj3PmA+QCF2adyqO26wAS3fufmfHFoFdw=":{"valueMac":{"type":"Buffer","data":"o+IBfTPJNEGW/z76sZtowsM7VGyo9k8G86mPnVQwCZI="}},"duDLRRfAlUra0Inab+ZVXe8OMhWVQ3XyMDZPDGhUqfA=":{"valueMac":{"type":"Buffer","data":"z+rUaX80KFZCUnSAE+b/pvOuM5p2Iqy4PLj2pC1p0n8="}},"ep6ExnBokjMA/AqUY+T0QrHaF44nA5f278yNUDjpmMI=":{"valueMac":{"type":"Buffer","data":"6uI4TiGfA0aOeAUvdJLO9UF7zjCLFUf+P2Tv+q0PiM0="}},"ezH0r+5yXXwSG3RKO+Yju2axJJLgwafOxm4X44IISNg=":{"valueMac":{"type":"Buffer","data":"e1s/Ci1Ms6/er1lE5qY60rUI4cqPlMBXTYB4efxY38g="}},"e1GAuu0qQs5VBNQN2EcIXaL1vgujjT1NLrQXwBaVc9c=":{"valueMac":{"type":"Buffer","data":"5goyBjYgRgA3ywGMeOKm2tv8DQdqmJnjhLfqI/WD98Q="}},"fF8bHcUptvaDryEdiiz5YbPd2NnCeIs3WPlm6XVij20=":{"valueMac":{"type":"Buffer","data":"jdNd5lGihYdvDS9+gPZ39wqnTyzEdUdgttBJMq+AlXU="}},"fUoDanHEqtrn54O7OqZJKccjlw/LshNrwB5EqmqcAz4=":{"valueMac":{"type":"Buffer","data":"70ZaWTLl/nSEy8i0ZUcOd2RQUfC9vPn9emRa5LIJbGw="}},"feOzejjwjXRB76zy4FFj5Q2+Xx5dRsZGxXdZArl+jo4=":{"valueMac":{"type":"Buffer","data":"EycMIpuFnVkD2bMZVnBSlSO7DTkTV8Ma6Cq6DNGlQpk="}},"f6MJgPKpLMMKt997aegTvjYWtraHl4eP/9M9fX9zH78=":{"valueMac":{"type":"Buffer","data":"bAHdS7GgYHS+9BQWtyiiSf4zJMYmlpEmSPLs814R8qc="}},"gK7KwFTmnjmLwzbgJT8GHLo1sH0xi56EAjuf2uCLOLg=":{"valueMac":{"type":"Buffer","data":"7vMBhcdqIzO1I4VlqJEhYZ1RXvspLtEMItO0TczUlNo="}},"gWLos+SNqhYKN7gcrW2rZTWrkBiFprZacnm5+s6zVbY=":{"valueMac":{"type":"Buffer","data":"mYr/eEsdTENyEVAExoFgqV5vZX6iu2L2hGkq0frWO6w="}},"gblSJzww7paCjOu+SjbaQxRm1qt2bVO7lOvbPckaAL4=":{"valueMac":{"type":"Buffer","data":"8d+AxxWM9Qrz90iLBzsBF81dxjUIBDlr5uuOCY8CRCU="}},"ggBsy1X4aXa8tIEeLvZ2oBx4zQL2tFYP+yCOmyTMUTE=":{"valueMac":{"type":"Buffer","data":"W/JBDfW2bNY1okx+KnBYjSDVjzzdA6iKK57V6HkTjPk="}},"gqPCZKTN1oAD3sjVhX7q21GZNwfIL0v64hYcW/rNGjE=":{"valueMac":{"type":"Buffer","data":"Kf177BG3a8bRwBjR6bJKVvUZDTFJWLgy5a2jwpmb0WM="}},"gwsvO0ojVUDUKDxIHNAEMDtxLjjHs71OheARRzjeVrM=":{"valueMac":{"type":"Buffer","data":"dBIXnOQmJwpEMBrxikNnVDwX7rdc2hPdALVXeJbTnYc="}},"g3vHW0K75SdQH0bPlI9206zH++f18Zwp602t7DwU2DE=":{"valueMac":{"type":"Buffer","data":"YIyIa1MY3es8DnAD8vo0WO/eCM/4LqUkWt4jkrKM7+o="}},"hNmQFZ6v6rZ6j+Cfa3QMGpxfghovNkHpFjMYFrLJJAg=":{"valueMac":{"type":"Buffer","data":"0uE44pAohJpCXf9MWWPdITZ/gsNNp8xMRWG8O+3Ahko="}},"hW0xwk4eE+//Y2zXNqsZIb6qJoU488sOs8Pw4Oi0kxs=":{"valueMac":{"type":"Buffer","data":"G16jL/wWWq7hxFvQ4v9QguTj3cLPD2vi4zhs9ItzdpQ="}},"hyw6SZZGzxEAqv9IJ/gOxuRT65DfV6M/kZjDEty34WA=":{"valueMac":{"type":"Buffer","data":"vxM+ZfKWRyBiv1sJxQWuDnc+1AQqrNO1sDaaxuSHZ1M="}},"iLaebnY8VnqSYauy78IHvaADmOH89MIEZjmvMqioy6E=":{"valueMac":{"type":"Buffer","data":"PQ2XOukyIMdnPEx/SEjlzOnEEDx9Ux4T0rAih7AxGl4="}},"inn8yc278TGybgofME0XaFDN1lYpHY0VwjxgvJAobf0=":{"valueMac":{"type":"Buffer","data":"CcL0ssMMl/AjL9rqULHEXwGfBWRutg74H76JnR0fHgE="}},"ipDDDCE+XgHXiVlPGc2ZU55gtY74TDofpl3KpJwGDpw=":{"valueMac":{"type":"Buffer","data":"6W/vvMNPAgBUsEa9Mbkzgin7Bscy5MUw/P4CcgL1q6g="}},"i8+fYK/tZeiP9+voH/a758H2OIrEX3DnvXi5IbJTu3I=":{"valueMac":{"type":"Buffer","data":"a6bbJdKT+r9wdG91SLHNq0hEkEua6wJpBM2Q1VDJcFA="}},"jIiJSxBDZfWm292ww5WOURduQyS4wjeUI03ue3DVuTY=":{"valueMac":{"type":"Buffer","data":"9/Vod2Ni8cjmz/exwthAADMfS2wUwBAEwIbGlEjZDsE="}},"jLncGSwypaVTqNQlLWKKchsoCMzRZ8Sp7kxQ4NfiNlk=":{"valueMac":{"type":"Buffer","data":"uj/OatD6cpgQRAG/yfU1NhCeYY88sBB9M2Tssm6kkJs="}},"jXG+OdxUvKdSkuSThdz3Uyq6VDWTeCsCJzEA3GZPSM4=":{"valueMac":{"type":"Buffer","data":"qya9n/shwAVjnFiSCSK9RthN0sECV2z7NlmYfhGUDUY="}},"jobH4UwDOSfEJbWq4S7KX0jRPx7qlmxPHC5FtSuonX4=":{"valueMac":{"type":"Buffer","data":"xNYbrLy9wt2Gie9uBTahT4pMiOHecOA9d10hwHlIU+w="}},"j8zPg8dc6V0WcVmJ2ioKRlMyDBTsxT9XPMe1zhuVpKU=":{"valueMac":{"type":"Buffer","data":"yVRDQHZjLEB91j4qqWERZWKO0l786TPhyshgKYPG+5o="}},"kEocYOobKF1OcOzMLpFN/q+udNc9Q4Mx9E4SMvJuXBA=":{"valueMac":{"type":"Buffer","data":"M+VZWX/CkNuaCzMRvb17Adn2Q0asHnMHh8vYOmEEsjY="}},"kGGjId+aacLz28fuRsQUYWtW2BoLhEMKod48T6qs3es=":{"valueMac":{"type":"Buffer","data":"L2aubyYEL6svu4/rCAktpCZ/K4Y5iMXwre3qogDP33I="}},"kprUOBG1x2LfOmHRVyehrOyvotM84LqS2h9HyBbZ+XU=":{"valueMac":{"type":"Buffer","data":"xyj5h7DJPNXlbGBv0kdN0yYTYZsiNlCroSpAc42sbDY="}},"kp9mFiQ6KSNcSqwUG6h90kPmI0g/T+JyUi3eYCOXmvM=":{"valueMac":{"type":"Buffer","data":"ISP1NcMhE37E2knE1enT6PsARb+TDPYs8Zx65YVI2vg="}},"kqlkshWGd6cK4YT9qClVOo7So6msAazw1EW11AnHnoc=":{"valueMac":{"type":"Buffer","data":"72bzPSRyK+DVdFvqWzCyknTChxcMrMgD0pi4Kl8Celg="}},"ktkbQFQhD8Wja14VJSCH7bW4BR4Bq5ZGrdjgvXcXhik=":{"valueMac":{"type":"Buffer","data":"GSRtL7rBSzx3pQ1qlvOu6a8WcnHhmUsPHQFcBYEg2Tg="}},"k0IJHtr2dywsF2d3uU1Ef9Tj7W5xOtp6iT5/YIr31qk=":{"valueMac":{"type":"Buffer","data":"3++kTBMbCGoP95+9nVD98z+XwcOZwChn8Ci+qEEgyJQ="}},"k6gvvcDcaIPsLwZ36AW3OG+Qy09Ltw8C7+h+3awg+Mo=":{"valueMac":{"type":"Buffer","data":"F4PtHhDaPNJww8qpOog1GelkqVY+xc/i7uJmliIh6Bk="}},"lDP1jwNUKXVLKJjmsQHYrR0tYMlkPQWzregygX2cXW8=":{"valueMac":{"type":"Buffer","data":"pJjR33ZMnh0hOUbMuQ35m5lgURHVnNKhx/94kXG01RI="}},"lGEjynrNuR/xsDTJCSpCXkkHxlUAHu7T9USSpqiZ6hE=":{"valueMac":{"type":"Buffer","data":"keWTWGbjXh+nJpCYvPoHt4evPsRvvHVOez+Lksla+cI="}},"lM29Mm8nGk5VULDl3siDEHqG1KcfMbf+fnU+9UoG5uc=":{"valueMac":{"type":"Buffer","data":"l6lcCF2Kg2dxVyQKqk5b62BnxIoQqZdMbIRjbotkq3c="}},"lPGU0u4iaWm/E41IxPHFQueBtszF4VLPU1tFfUfpmiY=":{"valueMac":{"type":"Buffer","data":"DNzkbJCn8RkucJh0bGi2DmkRw5wclHbKPX7ZzI0sJR0="}},"lSNKpQlZ+woP9TqzC/ehtqgJYvr7xpv2J+KhR6msEzU=":{"valueMac":{"type":"Buffer","data":"9M3i1HvlyiMjnSgAYztO4qJoU9yk0TdQcU7L6HcI6kA="}},"lsVucVx+EWciedb5hKIuQNrv7IS00pg+SgMUd0FnYAk=":{"valueMac":{"type":"Buffer","data":"WiIwvckpdUx3pvr4MDMRbd5opX6hQYTW1foGtLmwRVA="}},"l3pU0K/JiSnyQcZQzi1YZw1pQDSqA2Y+80Ae3B6vNCQ=":{"valueMac":{"type":"Buffer","data":"OvM+JfXtuSDgbNweEOa+SFc+EzSsVasuaJr09wqnquk="}},"l6WO6ugX3r8q6I4RneyVmaUXVbOf8oK8n0vlfoMtl10=":{"valueMac":{"type":"Buffer","data":"F8kxaghH3jR2R4F1AeBjisyUZ48kv+NGl/vvSUYVa3k="}},"l9VoCel1bGPAstmG0Re9JeReR/JVsgCFe8rilvcbFZY=":{"valueMac":{"type":"Buffer","data":"saI9/fNVw0kOUae/jG6SPbetgQdMRlHE9Bpgst/xacg="}},"mHVS6DGSuyEDbbIBhAXu4smb4ElBrgOGij/GpG5iwS8=":{"valueMac":{"type":"Buffer","data":"OsajdX7oOpUuYq9erRF5sxhjzd5PRTzOMGAfUXO+4bQ="}},"mJQf8cw1rXNYDTIXm6+REd74UCW6QT9CCxB9V6XQxqc=":{"valueMac":{"type":"Buffer","data":"DoN4QGr3Rh7AFI+21FQSonjOgx1TgBFAgn1XtAi5yzw="}},"mMnzPmcO60gguDPGKzUHXXQ4xLi6lTg03/uSjWfCeO0=":{"valueMac":{"type":"Buffer","data":"N/XNSrSl/8G/jbRRnpaOLbOeRDPdI/gwKjaUsYujcGI="}},"mfU9ptfOjFtMJRPJ5soLAQKFiQaWNVkZbKE/knZxjmg=":{"valueMac":{"type":"Buffer","data":"wIli5oj5pCCYeuLa26/NBcgl3X2oPIChpQ+DI9TSpCc="}},"mhioDaEa2mQSRJmxGSI7hw+GaTZVggbsmS6fixbI/JU=":{"valueMac":{"type":"Buffer","data":"9gqpIRJIJIjKKpVlUX7XTh2sNpda/sjBRqxNgocEYr4="}},"nHiquN9ZlA5k3ET+hd4ivpDg75KGBM5yrCT8J2gCm2Q=":{"valueMac":{"type":"Buffer","data":"kV9e68W/tmQaCjQAj98+PIqE7iCxFiccl73vKrfKqTc="}},"nMKhB6HHxIgh8B/E1KAwo3ET6uNhJR1DmltYPsbnPik=":{"valueMac":{"type":"Buffer","data":"2XWumAPHvvhLFL5USOOF7+jFYpEuNTrqO7L2O2Evsgc="}},"oBaTNgU3x243GR0/gLxPK9lJu92amm+oIHlSt0PUk88=":{"valueMac":{"type":"Buffer","data":"bUc2wsLxU/6WhrNTgNvDR5aiGh5Re25wN4tveM13omg="}},"oKebB7ElDng5bBHpUWxvIRG7FbL0NDE/fPMHllkv2ys=":{"valueMac":{"type":"Buffer","data":"KIUkr+HrhmYIhQrtISm/WMMbQYA8uCgXxX0oROyPeNc="}},"oZJasKN1+5sDZbW9T2bxnbugiNviUQKFFLJ0G3k6+iI=":{"valueMac":{"type":"Buffer","data":"xU9zfR4d+RxCPE987C+Q3hzR6pD4hyzEz1LSmrMW8ws="}},"obRzevz0iYOC1fkdgFEcYIRkKDOyGTJFJUbY+z8WHHc=":{"valueMac":{"type":"Buffer","data":"RdYLeHJGZ2dq3yvK6RtqGG6GC08oOe1OJ8s39yTb1JA="}},"ofnf2O7jY67fi3n1sae6U8bhGMtv3Ifz+PPJO5r/1to=":{"valueMac":{"type":"Buffer","data":"NM49Q/YbiFRjX7c9xDFi8wNHE5of0Alv0iScfMPAm1Q="}},"pAB1KTb5NIm3beabxaSEOYEfoxT39gBKzykOGmTdSlI=":{"valueMac":{"type":"Buffer","data":"Q6UbkIVljcln1s5VW6F6z69KXjkHzYHGPGyLdgOhGMM="}},"pE52ibcBbGANlXxXb45JOWp/YsNP5NPKQnFT70NtKTs=":{"valueMac":{"type":"Buffer","data":"ElsLC6wRmHVpVvKBhuo7MS01hdxlbsaqiOiYnFxVpFk="}},"pFyLCo9bhwPAS1U2OFsa9p5yLmcM+M6/sRghccxIiGc=":{"valueMac":{"type":"Buffer","data":"hsOhtooSUZzQsBKG7y6QkVYBvTRxxNckgmYT5jJ0Xe4="}},"puaYBV5fbMArPMwIySQ+Zqx20U+0eqIH/eXCSPWK/jM=":{"valueMac":{"type":"Buffer","data":"37/z9vJNRFt9NIYRc6FtZG6wzNubEhnxIyCvjJ4SCc8="}},"pvyESV+pSwkuRn8gnXw5lcJb5nyRga0MXJ7s35b5IUU=":{"valueMac":{"type":"Buffer","data":"skAyTJ0BFc/wOIt6OHrRT9kc50DKymxTIqqwC4n1nVA="}},"pwdUxtqoAEfBLEU+LV6qY5E8o7o4WVsuXjDEzpDt0zc=":{"valueMac":{"type":"Buffer","data":"p5T/UTCYTUVD1TS/efHqchwZCg/2N0Nd3OCWQfVt2yo="}},"pxIywPVUPdLN2q2rgIZCbfGJaDmAXTO8PnY1whXrmYQ=":{"valueMac":{"type":"Buffer","data":"a8Tna+vg5On62SoJCuR3LHOlPQF8NjCpLTqYNfZTPJc="}},"p5lH0eEl4crc+N02HBsVWb+XnwHD6VRsR7NZgxt90Mo=":{"valueMac":{"type":"Buffer","data":"uxYRHoyPOb3CYXw9DW7GzHnliTcgihAF5184vUCIArg="}},"qCO3Rp7U04fNlq/nY0hx2hW0L8AP58inZVBcTE2uauE=":{"valueMac":{"type":"Buffer","data":"jBXjfsrwDTJ06TjCWjdny9B+WeOo3yFRjNRO7kZKLqk="}},"qCfNd8tMKBsOmoyXBkDaDYeOoNkUwrs/9MzOKRdk4RE=":{"valueMac":{"type":"Buffer","data":"zkV1mMNq3WHbjnjXs50O8O4hMGGeMX5YuWkrcbz7nv8="}},"qy+W1z+81NKTKfcIqjGtM2l08hEkfwsccUYxyXAHET4=":{"valueMac":{"type":"Buffer","data":"qz1RekpqttiLkaXJYLl+Ti3d2Z9VZg0DX/K7ck6wI4M="}},"q62n2cpSiLaTgx1iWObA5Lrqo9oHRhyg7qDKykSNMZg=":{"valueMac":{"type":"Buffer","data":"GDTPLK49KAkf/oOskXav+v/opvW/1e+osP1FEzMKn6k="}},"rgWdQGEWdzAlqjWPWvBkv3VZgjJNl0/ntpgGqooXuOo=":{"valueMac":{"type":"Buffer","data":"XHrjbt9HmMJ5Maoum7TgZYmPDsGoJepJL2dHM3Usj34="}},"rn/S/dB+wKnb9fvpj92nYkcK7OUJZqhMwgMdJQ8iqpc=":{"valueMac":{"type":"Buffer","data":"8pW3gl8qasEU23NU0f3Nt3gY/oT/dphIUAp0FAdfQYI="}},"ro5KgQ1x3PsV3TKak3c5MAqggofFpNFrvwFJ+1VYb+w=":{"valueMac":{"type":"Buffer","data":"2NEuWWTxsA98wkrMhwBYpqS1ZJucJT/CSuXHnMlL6Vo="}},"rxbdYNgsLTY82EngPvYy+1b5XFSKInbAiip5Rn71kTU=":{"valueMac":{"type":"Buffer","data":"NfbQeAde/8pQzllkD3Vk4pcZIo9v56TVHsN3u12+Zrc="}},"sLnkVc8iFgzzyNP5Gc4JbLoSugpMTkma33O/DSCbyGU=":{"valueMac":{"type":"Buffer","data":"0mufHUaXjsai4JB6hDZM+axZpXtdZA8mdwJ5obG+j14="}},"sjDfJ2OiGiXCnu7bVlRxRxNKV6Bcey5a8wzW1AkQrfA=":{"valueMac":{"type":"Buffer","data":"0yfVPmshgHbutjyOwk8/5jJyb2ehVX3rV8PSHIoSclc="}},"svy4tlD/qZq45Ad+43sYTOZv4/HmcNIgOi3vDaPTqZk=":{"valueMac":{"type":"Buffer","data":"WFw4ImJaLSeUDm1A+i9ZPLbRyFWcnc4KAZMTO7Ijl5Y="}},"tF+mLglXPDDZic3cPbwrT7DiHnKXPMxPO8SIv9fhI7Y=":{"valueMac":{"type":"Buffer","data":"Ip8n2FpEa7knBTEtJa4ZzWi7S5v8I5DbT+HZ880D+EA="}},"tjBNO6iI8HdJUMsApCuNWFpnK1KU7rtAKTRWxDsJQMo=":{"valueMac":{"type":"Buffer","data":"AQL7u2iQm0OXoypFdJ7AzKYIPrXbVaz0VBvtpY+I8Bk="}},"twQKQD6aKAa7p5+Ai1l51Rp3BHNBQmEsh93dDd83smw=":{"valueMac":{"type":"Buffer","data":"Gwfox6pObMBMngkS4uGpLTcExFmDe/iPwyg2ASxQq1w="}},"t2unUSkb4qYWXq8e8nlMSWivt9kkmom7j7de+VC3xz4=":{"valueMac":{"type":"Buffer","data":"1CuNemj7yu3F3arZ9g48Knaa6ZETx+kjv3Xdwpmt8Ec="}},"uT0/BzoGQk8VehXipNqRFEUmgHWJEmtn5OjceHgiuNw=":{"valueMac":{"type":"Buffer","data":"i0xb8UdoO3XlGvkWWV2wt1tVLEgbrBaVjCNNyPlb/w0="}},"uVauQY6ZxWqYvNfZjJFFs+gJL97OtDsc7eyUQoPI98A=":{"valueMac":{"type":"Buffer","data":"i78HLdqeDVzCGjvkpWs/EZaLOj6oe7vgXr6682TUkwc="}},"vLRiEKW7wobb7uEJmskdWBToefF4JGv2Jf87zsT+t/s=":{"valueMac":{"type":"Buffer","data":"PnLlfrK6oOtjQFhIJoHq/5Pnt3+gAwq7XOwMF2vV07I="}},"vMm/W0RxXR7cn3X43rBi3br5aYUKrF2JvJp2kJQoFZw=":{"valueMac":{"type":"Buffer","data":"/epB3klCsTNnAsLBrNDirHCdYHJo74braok+AW5ut+c="}},"v1tv6lJ+INak0tGipjhpNyUgZH8Fo1cxKORNjk/HoDI=":{"valueMac":{"type":"Buffer","data":"9Ss4osVsBuyt+HDxYpobGofvOw7sXPP+r0jYF9++J6U="}},"v29YYBrF5EiRJMJ0cBFEEaGd03lc5D4fUYCQrAS7IuU=":{"valueMac":{"type":"Buffer","data":"R0qzyiH+2+j4K3106Ruh6DVWYDgbClz/wuKijBpFocQ="}},"wKFUJidDz+ZRsOngag9fWBQ6PHwrTU0Nze8Yq3Mxa8o=":{"valueMac":{"type":"Buffer","data":"t5ka0rimv9PjIl32+Jxr7C41sUCFSc1jupSiuuYCnMk="}},"wk0RNZbm2BTYkAbPgp/CSPjVslXoLnOGsPd0O9UIYLU=":{"valueMac":{"type":"Buffer","data":"IY5iYOmBw1kiYdyMsDE+qrPlqfyUuR+YKKIyRbDM4gU="}},"xDCGrwyo4YLKwRBm6TLp76HrT58QW0OMeip1siBKNC8=":{"valueMac":{"type":"Buffer","data":"q+BsSfUbYo1zfPTLx+hkesAxWABvdqQIgjiN0tfaMts="}},"xILoBk+mB2MybhVmO+j/66+HHwO3S+vE6h8XhKGhe0w=":{"valueMac":{"type":"Buffer","data":"xUbTx7OMe+fcrJviHV10+sAHD92+BOHZFVQEOkjG24k="}},"xTIqV2PAi0Xrdoirq4ryjmKKMoIt9uSBNhnkArHr5dM=":{"valueMac":{"type":"Buffer","data":"dZEqDSi7bDwgqkcdm0TWpK0fxkmxGNd+zSRxA88bdkg="}},"yEoHo9T9+TGS24QXiDuUQZ+NxhVd7m+hYxZFj4svT6Q=":{"valueMac":{"type":"Buffer","data":"WDLgPKLRTqUQNtumLxdcwkodae9IPwIdtR/y9j900mQ="}},"yGHTFSIg6+lAasVGVI7JeqEbwmR489FDSknzdoLh4m4=":{"valueMac":{"type":"Buffer","data":"zSSQlTpQENHzu1ZcurDV3L7MWeQtPYwy4BHCtbkKMnw="}},"yNw3s0udLBGjSE/kGeA3D3dHixf3kmv2wLIFUZaHfiU=":{"valueMac":{"type":"Buffer","data":"5WUYGAMLRwAasQR/Pg2DyEzIoh+5LliH4RMzz0rV8E8="}},"yU15URD1pn2HBDY9MPDotbaEA9L4JyLpIcxLjehHujY=":{"valueMac":{"type":"Buffer","data":"J7XXy7VE0iGmt1WYphnnIdn5eY7uPb8s1X0bABrd8R4="}},"zCGOaO3YwoP3RVDDn9rIeXKOckBFZw1SVnWX4su/CQM=":{"valueMac":{"type":"Buffer","data":"OLCgST7xyjb4MPcM0UCOPBuK6nFHNIzcAIYDFr+P2ro="}},"zT9gisuLQAwrxkfa3hwpwhLtn+H9l/Flp5NGflJH/7Q=":{"valueMac":{"type":"Buffer","data":"I9QZUXPG/v8YzsmVKMQpEiStF/VSPGKemgqkFEffb9A="}},"zVoMh32WRvsuVDei4NbdYseXX/W+41WBw7MqDShioNA=":{"valueMac":{"type":"Buffer","data":"p/sYi+V3T7L58xpezLAO1xFfEQszNHvT4APK8UvCCo0="}},"zYgFvZ3OtmljQEkfiZbkXOyJAvtoUjVeii4p3mGZeFc=":{"valueMac":{"type":"Buffer","data":"z1ENJXDQJA0X9X+DEzpfinulJ+3dqwXNqDXV6xf2KDQ="}},"zwHwQORuvSsz+upxpScGkjDohT0OrsIwnuwQpOjKRaA=":{"valueMac":{"type":"Buffer","data":"trXPtgRN0dAFV/AOb/8N4wa05/hrXpQC4Bifi4+jeOU="}},"0JWtx+jVRmI2SR9i0edUPb8xss1CLHAyjUQfWAmV2C8=":{"valueMac":{"type":"Buffer","data":"kyLV+3uGBQlYymvP0tiKS3NrgkVhYrFs1bJ8bkVzyRU="}},"0WFiq6hKclqxFkcJwbOXgbnmhFXsvnJyLJte1y3nMCc=":{"valueMac":{"type":"Buffer","data":"9BS05OLkYXVLRv87EDmrL86q9XuvfT9Z+kWtUjUD63c="}},"0d1lSePSORzipqAAtIAKXQ616hvHMMzRaI832Y08JF8=":{"valueMac":{"type":"Buffer","data":"SrVqDWVEjL0sJBCYaUCz4bO9e5emPqY6zJflfKiUfEY="}},"0uJvWPaFsbG6qrU0ZwDT6UNL8qhj5KzGrAUnGpUOoHs=":{"valueMac":{"type":"Buffer","data":"5C1Z/ZwLPL3BTAzC/TjX7JAPFbCIoZrnoPAZiPjjNfs="}},"1dY50Y/FS7EVvZIoluEYp98cEYQsNV9edebHAO8g9iI=":{"valueMac":{"type":"Buffer","data":"aGFwBenutp7IysxeOutPUCT0KFkZP53YuB31CZx+ygM="}},"1xZ18nDW15ifezjpNfjFzdEHFDW+qHWE2Li705ZbpXQ=":{"valueMac":{"type":"Buffer","data":"4CBzU5lAZISYWnmj9dCoAENYoiMAWEKz19ws61vjTLc="}},"2BMhc8XXlaTB4wzT5Ayax7teb5+rxiypY83jYZDxfGM=":{"valueMac":{"type":"Buffer","data":"LUCWZYw4JZnNhwdDEhoaQ25EnSY9wqcUEifbwejeqRI="}},"2SHWJCt4l/pU77WSu7BrYoPJzdqFPlKqK3U2KT2Yo2k=":{"valueMac":{"type":"Buffer","data":"zjNpg2Qp99/Sb2IMOo7u5L5ME9z9U/1hqJ5gsUPWZrs="}},"2SqgSI3wBJdBwcqGogMuoJ43we57rjsr1ZhyEmpxVcU=":{"valueMac":{"type":"Buffer","data":"/FOI3ucCXQFpFvTef/wSv3LcfvMY+RRV42N3ZEKFEvQ="}},"2Szbba6DkXwpCXeFz2Hex5f94vQHmMTZEw9nhzm3/30=":{"valueMac":{"type":"Buffer","data":"7zARUNEjDQvHXk8utfxSgEjrAqbZT6PwEZiK4cp1k98="}},"2ZLvlaYRmpoRfxqQXkCUZHC9VlqqA+QRBjc5disZX9Q=":{"valueMac":{"type":"Buffer","data":"y0uDSk2oflTWAC3rFnPAl7buwExxfl5vDHyWIdEcWRE="}},"2s5hbwllKkJl3JCbaf2tBa1aVvURYq9fsJtHbl2qaEQ=":{"valueMac":{"type":"Buffer","data":"YOkmXHgGXrBi0g9CF4wmwWs4zrSvG/5Tf1Xjc5ZrWII="}},"26LNXj+qLSHMdE3leD0D8PnvZP9bCqMs4sWLGWgdJws=":{"valueMac":{"type":"Buffer","data":"cqVTtj3UWibN3MPPAdRk+0SE3y5fufLoXje54tirY9o="}},"2+91P1L32T/SYLwlbuqSo6+Rd1bJDDO9lhjFxIRbt7Y=":{"valueMac":{"type":"Buffer","data":"0RNSXH1kbYh2OXgvTm2S8nE+ZGC+MhJSCsciDWj5T5A="}},"3dKKQNlV48G+IveLjCJDEHW09h41EtDvsQmhgEcEUdU=":{"valueMac":{"type":"Buffer","data":"QMGnLYrHA5iaSSH9RjH1L6CTJnRuSwaO9cjCu7vK3Es="}},"3zMT3Q3zsfviQS/WDhadxqE0fc8tR5QWC2HihXCwSpo=":{"valueMac":{"type":"Buffer","data":"EUP0XA3dNI1t8i9ShSkGFCmunbXfOgjgL0BbaCni3Wo="}},"33SocH0z0J0qaXKP9mbPhFCFz1XGYnwLVMBRTFxZM8c=":{"valueMac":{"type":"Buffer","data":"rmvXQF0tlcSShu4DrsDHO09XheY5dr1deK0XBQ1dzAs="}},"3+kloqVc9JH1Lk7Hvk3idUUWSj3ocs1+hhvEOiFzHQ0=":{"valueMac":{"type":"Buffer","data":"Hy77EwnjtPaYdHPlF2d+02CnOdnHUaMG1up9aZqMKs8="}},"4DU5BzYU98Oti0bDmy8G/W//VuxYpl1OR2u5GL+h0Ww=":{"valueMac":{"type":"Buffer","data":"BPj1h31Q1SbG1LozyyqEmVw4UNAzL9JqW8WnUNs/FUc="}},"4gLD5LjCKGzmIVj4Uvpm88CsEHCDiDCrxYjDTxfXGec=":{"valueMac":{"type":"Buffer","data":"F9bzzRZl0Du3RcHuZKiCXNARoSUyPFZD4OhyhhCr9JM="}},"4rpFRq7Wrwy+QumIMphNLSb/hRsz7CxbywPhUZf//D4=":{"valueMac":{"type":"Buffer","data":"L0FfDzBTejZd2wBrQxYComqNyxm8U1iU8DOCm7nMiZs="}},"6mMUSbLP+VUIYsJGLdYStPsz9ZWvXxEZVRR4w6SuA/g=":{"valueMac":{"type":"Buffer","data":"YzlrM61/D/Pc/sTQieAg/M7hQn3I8y9Hheu9t8Hg7Zg="}},"66HxosklsRQhtOifU7mch+FZij0EWw37hk0lomHvFtc=":{"valueMac":{"type":"Buffer","data":"1z5E6rdI++eOZ/fGBF0GQsP9LYnHj49Q+hBsIMb0gjA="}},"7GG8ygrrZsby3/y/AZocq0SzS/BpzbQkKvm7RvjqcfE=":{"valueMac":{"type":"Buffer","data":"xafVp8+F8XTVr+ZYsAq/Fh6hWmGC56x2X3HFmAb0Xnw="}},"7UlIAHXY0mVg2GFWgWcmvyECKv87F3ihDaZ9HieVHpc=":{"valueMac":{"type":"Buffer","data":"kGhlpX/2J+uMYLf+cgXHKlwxDCVM7IIGUHMTqXk1PVc="}},"7obtT2FGqeknT8okCkzvpfTEJkWfswVgnqzrKXGPKY4=":{"valueMac":{"type":"Buffer","data":"pZx/J9e/359USBVeRq6juZBf8EaYPbUV5zQi12GUfXc="}},"7sBGTCLg77bjqEZJoyAanzZDhx224r0i30DoNfj/9vY=":{"valueMac":{"type":"Buffer","data":"DcO9rxhV3Pb3TbW2ajI6qujH3f/zuIlG8YfKzMuJDvw="}},"7sFitYZD0YaViwSo8pkuZImIPrnFnCI83zjSV80i8Bc=":{"valueMac":{"type":"Buffer","data":"K1ES8/hKq8gGCt651o8tODn1i430E1tNckeLFaJxRsw="}},"79F24pqXCNC592idKWze9ZQhAyD9CSvNWowAsajoXBs=":{"valueMac":{"type":"Buffer","data":"cJ1wlRf4w+StK+tziKkzfjEfbKtrPMRM1mSwRr39Gj4="}},"8J4ND7PzYgyKItt2Hz+hciXmFv1DfX3YjEskykljlos=":{"valueMac":{"type":"Buffer","data":"EXTNdneqEB1HUmgI59Ii8bkHGetj8Lz0XHHyWR6uX3A="}},"87LhvIFQDHljfICvum8ieDMras0wq1BS9sVpqcPQqF0=":{"valueMac":{"type":"Buffer","data":"eoRc/OrSu13okGa9spQHwzrBMYWodL7OHXAl68s/qE0="}},"89TD2kFI0+d3CHVAPkoSi/fUh2ehRMmwFzrTtFLppVo=":{"valueMac":{"type":"Buffer","data":"8Cf48JXjBujcdHvIyQhS1T9qer795PRv09kTE4vY2w8="}},"9M4dL+J8VKXOdORENRQfImTvIgKdY1DDZCQL7Uyu7gs=":{"valueMac":{"type":"Buffer","data":"7cJ/9Pzi2x4VL6JsV7L38ptv2JjTrU6xjTBDn12dp7M="}},"9dlBIhynmOVoky9xkKcuHVsREBNyevWDdwO/TeDhYfQ=":{"valueMac":{"type":"Buffer","data":"fdaijmUI2x4Nd4T/7MyA1wqzd0ZUmv3mkB4bQ1D+DBg="}},"9h73XrN7/rWjAwEsSAH2bfP+mVorNRIYxJb/Uu+PyO0=":{"valueMac":{"type":"Buffer","data":"DBHqmkWFLC6qVQx4WpMmsZgtb7sWBPouU6TIM9kK0i8="}},"9vFjV1+nTKKmUogpbUz014Cgjr2MwmqTbKqH4Aw0D0Q=":{"valueMac":{"type":"Buffer","data":"+7IbaIU9g+1lkx6540m2cIu0V4d4mgG70s1iVAk6yC4="}},"9zgT6UsMotHngP4vjkwLBd4QP4w7YiFcmtADYIaOEOo=":{"valueMac":{"type":"Buffer","data":"86ljN63W5XaYT8aVLyyldYaA+PQClV+zC8swhl3SmUc="}},"919Gt/x/f4tkRIFY3GItzQZ5V0dJUTnHxb14syO+yoo=":{"valueMac":{"type":"Buffer","data":"PZ9IoYXWn6tu39wFJersYf6ALQY9jlr6YvvBIzbw9M8="}},"+UKJsLlGhsLAH/BUOU8qkg72w891o30kQsUIqql8k5g=":{"valueMac":{"type":"Buffer","data":"wc0Gb/TKsM4HPLMnrdWfajAbOcNiIdorAyOVPG5zSx8="}},"+0hoJPojVJV26bYRLIfD/RyqEzCbfQv9WzISZhp42Mw=":{"valueMac":{"type":"Buffer","data":"zlAJJ/NKPFQ2gGrCU1cFJos2ymbg06GESJwT1w4VIF0="}},"+0hpYu53Il0jowOBzg7sSuU4S1hc7Oj/UGQDwPGsLaQ=":{"valueMac":{"type":"Buffer","data":"WDVKWRtlZXraFWK3VBs08w+2iV8kYMs2uj532a9yZv4="}},"/DXSAiSnetQjByfO2crmJp0FolpQQpXNlbSiygJUcSY=":{"valueMac":{"type":"Buffer","data":"4MS96rlvU9S/dMqWm6jyg6UaIw9NeD+Xz9824ayC9ak="}},"/GNRKT3IIwflenEHOLW5iyoN6GSlpP1K6Ze/P8ocNVA=":{"valueMac":{"type":"Buffer","data":"e3R6EvqSvAgCgR5i+OkY0TVpdnm6hybdNBySOSJq0Fw="}},"/R7ojKaxmk9YOFN+Q1P8g0n5gsAQUjOu2k9od2ZHRUY=":{"valueMac":{"type":"Buffer","data":"crxKo4B8aly+4AjkPTizxay7rHTsumGoGTppMYkI2pw="}},"/SPtYumAFAge/dFXlI/YFod2Vej5cAgNZ+xGchlg+Zc=":{"valueMac":{"type":"Buffer","data":"3AxMR4UJZ8zqoGTOR6lgF/MhTHHe4QOzn5OQ4bdNs50="}},"/YyDJAzFHqs9Y23+v2HKTZ4ZMnkaaLVmVAAKWlgqsUc=":{"valueMac":{"type":"Buffer","data":"s2TuHm748twKyhlSF38okiJ6nNlJpmnkMyz93hzqfak="}},"/whezAJ3rudb20+BLdM7bgemGmaPo46f+zjR25fWSNk=":{"valueMac":{"type":"Buffer","data":"HJieOUB6UFKde9277Gumh3YgjYzkp3vxHnocWPQUVLQ="}}}}