{"version":3,"hash":{"type":"Buffer","data":"CsPxEE2zuxRaTk87Ry9u9569ZFF1RUING3fBHTbAamw7WJcZZOBPPdQgPtehvLTpIVXC3o9seiMHJeJ7Qvrz8J546jfcXM4L/rk9oNccQbowLvysg9DZ1IQvxe0bThtdXUIy/pQgvvDq5/bwRrr7HvkugnUgRvQqNaSyFatFHAk="},"indexValueMap":{"AZKbZr338zDQ4Bu3KHGgEQ5thnd4u7PK72d5N02cCik=":{"valueMac":{"type":"Buffer","data":"BUR3kJz0MxQhLMHu9gfu/D2U32WIaDJ7QLqsWgv+09w="}},"AqeFJ0XRMXOWk/YYRxP3M2bdBJ1vZXtwbICl2DcNxow=":{"valueMac":{"type":"Buffer","data":"4NdGsCQT81IKj8p1UYSOO4q7xNckgMl2Y1Vk31CPGr0="}},"BAAub81Qsfg2rste6SeoXZ/CviyBm3oS2kMVuxt+3/0=":{"valueMac":{"type":"Buffer","data":"qpdg/M3DA2iFPo8+BWN3j8E/wP+JMMNw9TlEewlcaew="}},"B8gYSM9gAJNcRJNsmK9sQPIve46Azfrcmb0GoKvIybc=":{"valueMac":{"type":"Buffer","data":"KyvmYhK8nFddFBfAz5f8rMpi3KfOuqcnPOu7Ovsu3os="}},"CyMy0cCx7qpo4Q72N3AtSIQyTJdvSBWoA6UdfMvpSSE=":{"valueMac":{"type":"Buffer","data":"L+6cLoDCHeugJCI1GirDzlhMyEt1JCiaggh+7OnNdqk="}},"DMkQHof5wgYNbYd/XjFXXmgrd6OfFomCz5FYxZfXync=":{"valueMac":{"type":"Buffer","data":"O+fnISrvRA3woDNka9FJ0NXAc2eZn6D2VzjtK3MlYwQ="}},"Dm6D1oJu5WrMlzCofeqNurYm6H87qHOA2mF/Bvdi4Ak=":{"valueMac":{"type":"Buffer","data":"vjQpmfJZjH+Z8V9wi1olfk5f740aO0u4dEEX6sRkRJE="}},"DpLT7dUZnFMrYSDDraKTCe2Eib72Q2V0EjFeJFsTImw=":{"valueMac":{"type":"Buffer","data":"ih/TvhDzp9hsRjnq/6TDXvyAwqo4aItVPBxCqNbyFQ4="}},"DxWMPmWbZFcVO9YBYb8w6dRboLHt7d/hbvWj3sUv6U0=":{"valueMac":{"type":"Buffer","data":"bSbLx6SqJGOPpig4U7/cI5ULj9M3ggvjHQrhMVfyw8M="}},"Dyi2TjsP7A2QyI9BzSHb46ClLQQKk1zk9HhHvlfJMFM=":{"valueMac":{"type":"Buffer","data":"ilV1AYZJwnsyw3Wd0ZDuCH9gxiTP2yBDgSrx2Y2yP5w="}},"EChfO7Hcs66YWaR37/Yp4w+Gyc6NR/qHiouL+YZN950=":{"valueMac":{"type":"Buffer","data":"gPtmCT67AKql2DoBssu+ZD6g02eLhTEb+/XVqy3ezhE="}},"EIMNe1ghTXmG/8roC4yLi3Y0LmO9rWaqxLLYzI0fQ/c=":{"valueMac":{"type":"Buffer","data":"AREQRxaD0gONAFG4TK3nSTvdDlhP8idK/SZfBGWx8/c="}},"EgQzgKqh7D9qP8a0N1G6QMKo1RD+14Ze0Anx4TImjHM=":{"valueMac":{"type":"Buffer","data":"d+SBGpisAvrj5EJY/5iJXa8EyghYX4fDdT9bAd7MWss="}},"EgYX4k/r0svLgZVY8zh4dKnmV7EeLLUer9SKRfQCxAw=":{"valueMac":{"type":"Buffer","data":"PCBg6/XeGJlPV7L0bL0pa7K4KgILvG9SffI8Zeybxm8="}},"FHxUatUvyKmWMupj+ST6xCL15D47hRXPdzw3EitOfnQ=":{"valueMac":{"type":"Buffer","data":"LDLHgCiJsxHIecTOd5ZSoS6pe9vDDaEb1GfntsSKoys="}},"FWQjScH+goN5qPsL9ue5+t4gdJVRmPq/RtcZrlQICJk=":{"valueMac":{"type":"Buffer","data":"8UemyhBLMNceoaR7uYqGrj6KSFA619fJ82KqjSLgsf0="}},"Fi5bfiv3wS0fzarFBRXQ70KRn95GNxKM8r/uk/WiEqw=":{"valueMac":{"type":"Buffer","data":"V9POu0GnuxUreN5zQ1g8Vc+DfzVSZe2oae8R2V6Dda8="}},"F07O837T8KfhC3C2qRiTqY3/lI2X0AuXFNduqkQN+/M=":{"valueMac":{"type":"Buffer","data":"kZzQOEShurwkYFwkPJwtXsI0mHojAxWedNLRP9fXcyE="}},"GdhCZYJDVRTt2V6wXe9KBAMMNWCcnFGNEYiPNNcfNQk=":{"valueMac":{"type":"Buffer","data":"gXH7WXT/QYZpM/HB7XkOruddw2N3ntK2YTsOlS+22uo="}},"GnJYlr3QvBXqku3uKtY+wFUNreEZ2JLlo7plfRKB2Yg=":{"valueMac":{"type":"Buffer","data":"Km73Wfzy2B6nz/V4gHCtZNa/XrD66Tum2H1PjHZO4uE="}},"G1jNWCKCRMhrMwfiMXB0Wh/M+4EUnuMsbBbuKDmNKG8=":{"valueMac":{"type":"Buffer","data":"3RARKBZUDrTvSS1Cp5thwTpNfpgzOgaWFV/Jed2yY8I="}},"G7mz87w8pqEY44Vhtc+VVVQwNm2Fvizw5sxm316lvqM=":{"valueMac":{"type":"Buffer","data":"41fIo1EzTx9pTOOg9gzGwO1jPCj0P+DSEAmy229SaoI="}},"G9w/HfeJX2y1mbklc4YSK8zAA4SfaWk4w9EV5A7f3QQ=":{"valueMac":{"type":"Buffer","data":"RCFUHLCZ7lTHa2v1Wpf1RO2zXgcUGLFVD6caXq+LtgI="}},"Hmve/QRxrHWH/bsuGJ159Dir4g7ds/h9XqaKo2nPuRQ=":{"valueMac":{"type":"Buffer","data":"hrvVK4wsYQrQYGrakMB3F5+hvamiwR7lfrwNHjPxjKw="}},"H2RXOpnnvIq1U4pycNG5pWGs6QQ0UbF/1k5N+Qvd5i8=":{"valueMac":{"type":"Buffer","data":"9OOqkXXuTdb0U96NoWDzqMkQQ3N55yPYXIWKxe+XJ5E="}},"IXMhoMiXYDnJ1J7JdBCaoraMPe8GAUCzkGB7C1U/U2k=":{"valueMac":{"type":"Buffer","data":"UmZxRXpeCngSPOuBzKsnriQO8XdCaVugDg+uC887ikc="}},"IXoCkCO93ULYnbEAyhKykq5FsV+iMRxi4l5u7kpy3QI=":{"valueMac":{"type":"Buffer","data":"Qc3gbwvT5hFCTxOkfRe+VDDpiOZ5mMzhftUwD6Tjxjg="}},"I1vJ0n3UPFliM4cKLh/R110WFt3mzWMoCig/BH5z8hU=":{"valueMac":{"type":"Buffer","data":"KgW7NoWl+armTEV43l32qeBM6X3aKz0IbVjyxiFNfnE="}},"JXlke/Z28J0li2gZ8WPQOPf/GOMGzjt5doAeFjJSlLk=":{"valueMac":{"type":"Buffer","data":"GHgMZdhd6cyF1NYixb62yQ95dpoXCedS0vhQnO9EDTo="}},"JdJqzYEd3SnQkqCHJKqxsUShKUnwYN/1XFkhKCSH3Eg=":{"valueMac":{"type":"Buffer","data":"n0gXTBmaHSGpYFiFADdoRdgKnRA/E8qOufV8q6J8EHM="}},"JpBwRER4HfztH1q59uDZUOw6PzwSA4qOjYJX5AxBkw0=":{"valueMac":{"type":"Buffer","data":"QIAI6rX+QWi2ZuRHST71wMbvEW8sVXJY5+FvQzvK/NU="}},"J002t3m9O2IhjuZ2sbYpBUscLxU2W1eB0LN08g0nDWQ=":{"valueMac":{"type":"Buffer","data":"TWPBP+X2r0bkPtI3/5PVyYtcsmHDUY3R6tCrr7gUcic="}},"KTbmp6RJZB+bAhBezZDadobpAskWNxntDYaKchkE92Q=":{"valueMac":{"type":"Buffer","data":"KWIv7mEXfyLy0FvbJV/FKCTgGqwQMrcqdEPV8qgdW+4="}},"KVyLiV8kVEYCNnJuD/TPEH0k6jpDDsV3aQMPQHKfhaI=":{"valueMac":{"type":"Buffer","data":"vk+U95AAl/CIFd6NPkphPxjqwPzjVL21Hq/Wrj0GeoI="}},"KaULxWGSkwsYGk/x/53irrIr6FoZtxFYuW7iTL78+uk=":{"valueMac":{"type":"Buffer","data":"D2Q8keROpbXecb2q0Cqmb9ds2ajJI501kl+zDdQFMwM="}},"KbVuZOc9/xYew3plOHIhAf+75S7D+dJT3uZ1zo64Ls4=":{"valueMac":{"type":"Buffer","data":"tuugIt2mMitwoA/X1uAYxTzQoknn7ab5ZYB/Y/kkvsA="}},"KcLyu/jwatXd42XpgK6Zz9GfLQufnLwnGEYQdYDSyFs=":{"valueMac":{"type":"Buffer","data":"nDBr5WIEWIKQR/fw2a8d/o1X5ZZiE6noKXf/qcGU7rQ="}},"KdoX9EeX2QywVTx7ZxQNjzRLTT45LM8sCMFvzUF7KF4=":{"valueMac":{"type":"Buffer","data":"85oD/mWdkAXwmvLcLNhk/CaI98usZxDthW/wQjBXPFw="}},"KgDsvEG1dQefM1A2oGoyHmDr9qv9Qo2H3xqX2hhat9w=":{"valueMac":{"type":"Buffer","data":"pNzC9OtDR4k/OPa+nHCGoYwQkHOAIrNKrRS3w1tAwi0="}},"Kse95EtOF4KPucpUyno+YgUJLjzKSiuxmSwK5lrXWfU=":{"valueMac":{"type":"Buffer","data":"JGkGX+EPw9GjDv7YUvcwgzOpNJUE1c8+lQ0uVhQ3q5I="}},"MwLFjRdURWVyd0GQ5NGrseV97OAAc9FplSXCo4+5OFM=":{"valueMac":{"type":"Buffer","data":"sASVCyij9fcrdhPKgb+/YQjGK1RQBI7Cam5+D2tM8Kg="}},"O3MZa6Zn3Q0MCwB/YrdWiOFQ6iwcTp9fGHxcTIxow3I=":{"valueMac":{"type":"Buffer","data":"2AT6ULVVN5NmKi/HD6QhcbrMbbTN3Yg3LMTR0272VOU="}},"O9fqEqBeQZv15+OgLOCz7p1tgL/MZ+DoKWAqO83tDEE=":{"valueMac":{"type":"Buffer","data":"6uaQLODYgcJnhfssfAB6sEsjnMncEuwl7plq4ZN/dLs="}},"PJZ4JDqJmBO5p5VK0iqiqYa6NMOHynXUMWT6NrxEems=":{"valueMac":{"type":"Buffer","data":"HpaskPQ4ceXmV682JbAjIueJCMMo+uqN9J4pzoyZ6WY="}},"Pk96gbZcwRxNNF13FOYRvuUjxIZDTpmIsOAB/NFz+As=":{"valueMac":{"type":"Buffer","data":"nPKPRKHYzvhN9ZIKyeEML23QONiE8lgjr+SDEKdA2/s="}},"Px2Wft+o74QYhMqimlVpy3IjZ1M3EoKEtg4oDiFq9OA=":{"valueMac":{"type":"Buffer","data":"y4eWPmDPuOo6WCBOFIRIRiug2/Ns2PIaptTDBdnBSOE="}},"P97WhxGjCG7gCcym0pRFSpHASRxmk+hDwEi+Lpln16E=":{"valueMac":{"type":"Buffer","data":"sawY/FfpZN5Ce/GoW2XIK9/mk7Loy/2SSWDZMsGmUtA="}},"QTkZ/0xWz2BhSEYcn9CsyS0JdyY0MTAk4hjl5ssJBrk=":{"valueMac":{"type":"Buffer","data":"m/RaxZxLUEi8IfJvT7OflV0ZgEe7vuCnHG8RX+OAfq8="}},"Qw6lmNtX8AEytT0TpYPdiITMGCbWV9qW7CVlg04sBps=":{"valueMac":{"type":"Buffer","data":"mk2sQh7/5lNjawfpw1f4/ahMAL3MXlyMV+H3BdW7esg="}},"Q9iu8PkAyL6P3+roazbw/98ZlgdcveG+uFHTTs9Pxp8=":{"valueMac":{"type":"Buffer","data":"021kto/XJ9TUGC7psnwN7T9vXYhxdb+wwcrbN0Ctaw0="}},"Q+KHPjdEItUCDAqnocfUCkz8qIRWHTzNJAfiX/vQtRY=":{"valueMac":{"type":"Buffer","data":"sXHhvHiWLBvOz/ddsbYwhxsj05Mq6l0jpJL6S0sFVVw="}},"RqLLp0pDRvpp3GC5lt6mm3/Usc4mEkFPwz4nSPiQJG0=":{"valueMac":{"type":"Buffer","data":"Ow5m3upS5H5LEJb+bMZXmnt0hYdchmotTewP2udV5go="}},"Rx/sOmA6XtHpkHBTvhbOsA3rQW4BLhyiYMgOq2M0RPk=":{"valueMac":{"type":"Buffer","data":"E4oVQROLrYyozkuqmTlmJOsgSing+F+XmJ98nPly+xg="}},"R0nJeRsR5eThCNuBfSKxRVu+xSvUa+qCPjntST5kFbY=":{"valueMac":{"type":"Buffer","data":"a6lmliv0GoPRnPDZTUgB1UJt51QszlsJ4SGrJ4X4cVA="}},"SXtP7tfMwf8+1ZI2agWvnKM7BhGbGSIT8VaR6UPjZxc=":{"valueMac":{"type":"Buffer","data":"1alrdPG0EjZYjipa+A9Zx54LsvNKuSygDMS2u1/XL/o="}},"ShCCAS5EclbvDj02PMIWNaMOAyEuXg9d32sNfk3lhWg=":{"valueMac":{"type":"Buffer","data":"byD9XFJiK5UNUlzCfnYdGKiQ8Rhn4WnIXnWDvfQYqOU="}},"SlITApHJCeVmX8dbMBqJ+fxGSTBQhawHzShn5pkJJZE=":{"valueMac":{"type":"Buffer","data":"6V3pnlBJTBUl18ES+SHRfsJv3PK7bwm0/g8KbZwMQ+Y="}},"SrD30du43281h3nh/7dqSmGIlQp8LbVnOHRDPai7+W8=":{"valueMac":{"type":"Buffer","data":"JXQthCrQnyIowoOOyZF3QjB7Shzw0tQLEjZedYT1A84="}},"TSnK1f5g1Pg9hTJxWUFMwKaXlI/lbSwZ12pqiKM3B3I=":{"valueMac":{"type":"Buffer","data":"jfkBXTcBjSHI2a3x4rRs2cmc2b4uHpzJXH2l93K1+f0="}},"UiL77r8vIhwt+2Kwmk5dnLzFQNmfN9trkxAbT4MkmBA=":{"valueMac":{"type":"Buffer","data":"QdAe7naxMTRnMqJ4XuUjqcvEqQf1y04vDfriQojn3bM="}},"UzWis1u3bf6EGMAJiERxtXWlxPjaRmlXiQosY0lsAoc=":{"valueMac":{"type":"Buffer","data":"PF+v5235GRS4ckM5/8ERH2jlr4muAoslqqouidJyWyM="}},"U0NG0cLhUQuSKrAFxweCtvGIsv6036cDiRaR65/J4fQ=":{"valueMac":{"type":"Buffer","data":"EjOQk8nliMJZlicIrs2/6VUIelUbx03U6osTQ7X+Dr4="}},"VnETodMGKGKiCGP3bLWSicbHJOjxlmfrh89/pDXQJx0=":{"valueMac":{"type":"Buffer","data":"q92vPbQI4C9lxFuasjkR/pOW+G7dT8Lh3e0YbStb974="}},"Vt5u8Jygi7JQ7GwJMsfDmiGUTGG8FpYLCnpIRjPbnWk=":{"valueMac":{"type":"Buffer","data":"KaYH/h5q7nR/zjy6SU2nmABb/zVEJ61AKP+QHfdmelE="}},"Wj5vbFFdn4fL4aofZ4oDSNEqAQfPAiBsXko5dqwhYWM=":{"valueMac":{"type":"Buffer","data":"iP7qHpAIaV2rCe8N20eCd2MeUCbVBy9DPz3NfgfQp3c="}},"Wk6NvD80J03L2OC/h0p2UuQ8B1+OHWtRGd9D6WSzrzY=":{"valueMac":{"type":"Buffer","data":"OnsOqt3pzzi/Bg8rahQNbuJtEtCECcI8g4/5Wq989L0="}},"Wlb6H0B7HZ1MDj7Lhm88mFr2PX2hylUOkfXmXgaZbN0=":{"valueMac":{"type":"Buffer","data":"3fCXyIz8VCUOCSmDQ4BORwidjgreCyJsDNO2H7Hqd9Q="}},"XS0MZXzfZIpByykt1bcCXFZWqQpE9+kiAdniDx3wPFs=":{"valueMac":{"type":"Buffer","data":"f1NRogqM/udhVwYksgQwpObAyHW2YjHUTPEdkWq4ehQ="}},"XtSq+T8tzHycgwilVhY4f/KIsggLSgKqCKmPa6dpUnI=":{"valueMac":{"type":"Buffer","data":"v3DE/HSH2EkCfVAPm/Q0zgQYZdTvm9resfaS5Gscp1I="}},"YDhPrDZi6vVzns0im9hcJF0eKRPlXfLOhrYoQmA7Bq0=":{"valueMac":{"type":"Buffer","data":"UsNIwdCgAUqfKLCAReBaEfYL7c2W6aPKwuuUG0CKS/8="}},"YtG5Uv9mB85dcAYgGMU46saEEFGnUwLcaOsS2nYriJw=":{"valueMac":{"type":"Buffer","data":"syfgD6wESstwHeo3BTsXxmB2D5C9Zfo6u8EuvkPdstw="}},"Y94RP/FPoUahHpM2XkR3PAD1pSVsjnPKIyQFCI/Wi8Y=":{"valueMac":{"type":"Buffer","data":"0MyqNRjIeN0iRHrVpKvpMqILvkv+HZRJ/lIhoh4fwr8="}},"ZadJGMWA95m3qP86xGIHiFvyxkb5MiqrjKNf87AoVOA=":{"valueMac":{"type":"Buffer","data":"7qmQS4LVQpk4RosYMO3zJwFv7egFChTyVJ+Hhmgl/Gw="}},"Z0pe9SUGzwetCO9gBFsQ3p6sUfMdiVZMllThuAQVceE=":{"valueMac":{"type":"Buffer","data":"VP40GVC5dlY6poDl0/UzmHzURjE4nV21yKsvccX1ma4="}},"aC2nEHFQiP0eMWuxDLCUDglvG8KJOkM2zSzzePts6KY=":{"valueMac":{"type":"Buffer","data":"tKEafpfrciESvjxVoY/DUwirrnmKgZN86NpKdUHg3IY="}},"aXW0JwgHNSsPEZGhp7HlwFUpoEUetXNVB/N9ujmMpBI=":{"valueMac":{"type":"Buffer","data":"ti9VwR3Cc9IPMQweBrZ+k8ESviG3HH9LBHO6YE6dcs4="}},"bKBbpS0cDRlxmnJFt2SQ/pHfj1ps819Nu6lemAoVaHI=":{"valueMac":{"type":"Buffer","data":"F9xcszcGiYVH7CMFwgTbf8tjE4ADdSILLc8tsg9n/9k="}},"bW9mzCLFUn0IuXutH1ASSYQ4FzRDfnd0JJtzkbFITEg=":{"valueMac":{"type":"Buffer","data":"6BrWkhvPKtlKayB3jTgp1IV7kUv5twEakyi4+aHVQ50="}},"cMLi7r2c0JoRw2jvnEVqzQRLbOafnoaJySCMyHCoXzM=":{"valueMac":{"type":"Buffer","data":"4iBkQi9NLe0zLwN7+cY7wnXq20DpaczwWKZQCv5Cm1o="}},"cQxP7R/a9VaPlfRRWIa9pq+jCFyf3p3vlOSTr5MKutU=":{"valueMac":{"type":"Buffer","data":"wmOWhJOuO/1YyVzabTbezdJY7MSEYaULNleL+vGE76c="}},"ct43vcLgbpewl8YHrv9ofwo6VQj5fVytFgP7zxIOb4s=":{"valueMac":{"type":"Buffer","data":"62U6iFQRvcHa+VeDDRO2Kgok3rBNhlfF8VvmekDqo84="}},"cwBIXUCKUmX6/EQa4WU+AVStI6KarILoIroBYLOh92E=":{"valueMac":{"type":"Buffer","data":"iSD64T/vAuEA3P36G30n7sbIUBC9k2tgusrX/0moEHg="}},"c9XMWDWiIFH1u2phxB2STWo4lGBpLTkXgUN1Igy/yPQ=":{"valueMac":{"type":"Buffer","data":"Bya1QtcpST4kSwcCBEXGRrDU1m/bJhLXS3WtGKqBI3U="}},"dBDKuzRh/PaVCngNvWNTWT0mSYX+c7TVAn+MeYU0rM4=":{"valueMac":{"type":"Buffer","data":"+yVAa9bHDLcb/LFaTXQCpRjf5G5xOk3DveEY3QEzidA="}},"dIIabrsb2getjKDo8k4JWBsLySlt1R73CwyR7cc7XrI=":{"valueMac":{"type":"Buffer","data":"D0jm6YzHJMYvueT6y6WnOHgeqfLTZpH+mVoF17Fo0KA="}},"dNA88PhCwr2L0MrjH6PUIsFg9lY1DmASUrRnyMwVu78=":{"valueMac":{"type":"Buffer","data":"UtHkzFXzDQRhGZsm3AdhSjOF9XEmAsOyt4t8QubpR4c="}},"djvhBOFSn8QxJpEx6seMk7Y/Gub53wK2DcOyeUvBZyI=":{"valueMac":{"type":"Buffer","data":"VTofzVIKKbMOtbSkUokVla2Jy1Qb3p/1+8EtYNOXZ5Y="}},"eeWtSwPJqoyChTKHOcUXSYzlS2NIkunviTj3wt9Tdh4=":{"valueMac":{"type":"Buffer","data":"yk2dE6oNWIiALOeBtMoeCz/iflLmULo0qNiJoBXzTy0="}},"es8kp4lzUxl+EeyB9yr7bkjqjLmZGBXwJg/52Q4mDpI=":{"valueMac":{"type":"Buffer","data":"/wmHD2SvkMMDWIQ37HNjUblbmB3JbGH9O9OEhVUs0yo="}},"fMwEYZxRUzabjnDKLXSr7+OU0xwmv5zo9jHdBje9cp8=":{"valueMac":{"type":"Buffer","data":"ahf34VNpGssb0/anapLU/VbtA6hTgET46XD/zae7tks="}},"fqKeTJ6TJrKXi190pg40vpCzNBUQSdk7b/MnRhLvlqw=":{"valueMac":{"type":"Buffer","data":"BwfeAuyRerLNciOKrGzUMbOOvcay3psGZvfRsQwj+yI="}},"fr5HqL8YUxBRBqTQMEvAc/OhAkb9JKLANOdB6Ha8w/4=":{"valueMac":{"type":"Buffer","data":"mxUg+LWT3raMeRu4hf7gxSsDhNvam7dQ4+laVyrjffM="}},"gz0BkWt7yEg/35h2W6nUkAZC/M9as+OwP6Q4+/TnwI8=":{"valueMac":{"type":"Buffer","data":"+TGypx2NuZ0BJfHJp2GK/JrHSZzpbF3MubxKEmPP0C0="}},"hH46LgcB4PQkruQg0dUx8hGLYo0JPpk2d4Zg0tFk7R4=":{"valueMac":{"type":"Buffer","data":"/FNAatj8B2C1yxUzpe9uN0+0zAfuqyCwiYo1AqPD0gI="}},"hni2AkQu2FSvSRue9eYLrlDh+jqyF7qFq+OaVuTXpqA=":{"valueMac":{"type":"Buffer","data":"jvY1aNCKmq3phzz0Oo1nRrU8a12yOLJVb538FlSx+sc="}},"iLgtf/rDUAtWqB51s+ue/J3tKgxwMPwjN4xJsfOrxhE=":{"valueMac":{"type":"Buffer","data":"6qM6/hjfHsoEkRhYKbz0GuwODaTNBb4T6Jn/ytvjPYM="}},"iOB1qJ1sgFcoHtfgYEBcTJ0ywpYx0qe7tCklaBVMNaw=":{"valueMac":{"type":"Buffer","data":"15EHTDQg3JcyK1wo3zNETp8Y7y9Gw99z6ogQCqcvl6I="}},"iawUsY0bRrKsxEo8rcyo2M0uV0hQz3YGzVic10JFahw=":{"valueMac":{"type":"Buffer","data":"aqcCU1+/kfpzvjd/Z05XwI/1Iud/T+ypXinuxiJKocw="}},"ici2S9HVHLJCmPRWgkU/HGp9I8DvZXh9sJxGGpmB9KY=":{"valueMac":{"type":"Buffer","data":"jTJnSWPZv9bzdo6gbxpdqmRRJQNUFJ+Lvo/AMbe6rrk="}},"jDfBAFbMxcmwGbphyZ2NSiixzgHcedL1Yiw1lmH3Od8=":{"valueMac":{"type":"Buffer","data":"aliFiEtcgd/Qw6BkcGYrDYTfz7HTnupa5yY96kHjf18="}},"kCQlViooFeoMbGcnkmh0w9aFbujbTuTL/mdGrgEFtbQ=":{"valueMac":{"type":"Buffer","data":"HTny058PH6hVK32Jcklb2VQYqRoriegwiTkZO1GNXt4="}},"kHo9jjYFUGP+82iK9DS3yQ8PbTHK2t85aQAmvRYTkIE=":{"valueMac":{"type":"Buffer","data":"RgUnxJBoJWHuyGmXwQCBXosLXFvDvN0Qjcqmz2TNS1s="}},"kP/96DUiIAaLtdHwgCqDsGIOxnf53Clq/xPXwlJZe8M=":{"valueMac":{"type":"Buffer","data":"Cg7197cNowQ0yDmXi5SzdTXqj3gBIh/PZLsyo1KaZLs="}},"k6yQMdgue2q5Q/R6P+NBiUd8e3RGV3ixbrVob72k9yk=":{"valueMac":{"type":"Buffer","data":"w8EvN2GIdWlqmPegtXMf2DGCOCqlKY23vwB9zb4v+4o="}},"lIGtU6cqTf5kQQahvViHkfCBA0rfXrFbbvqSEZdUC5k=":{"valueMac":{"type":"Buffer","data":"XjMlXmL3gWa3gfzuYf+RbIsiSTXKtSDcK/q6tdNE3PE="}},"lRZx1Nouai4s9im5UBYMMD45gnqWfgz+WOtPU2TsvWk=":{"valueMac":{"type":"Buffer","data":"lhY/mRSVIjF0CBad+a8UWxaoXwa18vcOaiDnGZqk/YE="}},"lqJmfhu2/NjwHS3mxRA0cAjbuurSdeMlghSXjjnxODg=":{"valueMac":{"type":"Buffer","data":"6L30Evy6nSpSCigIUlx1Wk3mGcW5k9HRfns1f6Fa0a0="}},"mEMgzLmW9Fu5xfncw/G2SUJRl+4ORxAZRs1dWvnOa0w=":{"valueMac":{"type":"Buffer","data":"JwyjsGhX2lqH6+hZrbaN5iK/RKg98s9ZEZ1RHfdsBRk="}},"m7QidisDvWnYE38mZUa3wjQF4ovmOfhZ/lZajMbv5R0=":{"valueMac":{"type":"Buffer","data":"rOiy853CjNXx6Rjg3cGWhgXUIM1nldb497fxEwhzw2I="}},"nCvRZfFKa/hqhIhGDhqFX0A8yQCQVcdwv7oADTBcMk8=":{"valueMac":{"type":"Buffer","data":"gkfCffhzZXVHHS14v2Nb8iR0dv/f+kPZhROgWHOuOCI="}},"oIDvWBHeybC39LT4DSQEX/6QSk6FN3INbg4Ft/mbVAA=":{"valueMac":{"type":"Buffer","data":"2Hd7xp+Ld7xueHARdLXSOzzAjxI0/pLa8kaWhzblvEI="}},"oXJpWVTPeOSxcYfSC+gfV2uq4VNG+8FrCkqDPo1dk+M=":{"valueMac":{"type":"Buffer","data":"KNDPlqi5unZGm/b6/xdsrzAdVM8nDrXeX7jYXCQJsXE="}},"pBBROVGGJZQwqBNthpgIJwGi4FJiWfyciQ/bp/S5qRs=":{"valueMac":{"type":"Buffer","data":"qFZAXzN8SzR73gr6AQA4JI4P36bBUn2mYFuXqT5oOC4="}},"pkIz7zYUNJwz+FnPh9xiXLexJSru9ER3zsGbtA9RY0o=":{"valueMac":{"type":"Buffer","data":"1n4y6Vv8FLqwnAMkg7PK5EkElnE3vjgahYCu/nJyPOQ="}},"p5xmqug1BsBF11fIPUR5B34jj1Hc3UyGLnfarRDBmbQ=":{"valueMac":{"type":"Buffer","data":"ZaOKp14kG4Nn2fD3ftHiMLk4bYbET5RWElZxLPCMGz8="}},"qMz69wEFW+OPja5HwWIvFboY+2q/sUNVdUdb10yZaF0=":{"valueMac":{"type":"Buffer","data":"h+Gp+tye/nbrmmba04GpqgGjvOGOMY+8N/Jxw/E7YdQ="}},"qczHsXLVM/1IgLql19FLdUwA0HYVrWCC5oDqhf5+bOE=":{"valueMac":{"type":"Buffer","data":"uuIuQEAPyep9deTmh1cZ/KVmQdgPYOh6r9yjZeEhhw0="}},"qf5qrsZFsO8zhpv0MnUikS1hrlFz9VPxvWVoc9vGdcs=":{"valueMac":{"type":"Buffer","data":"aD5gVAiVgBfizNloDpXX3m/PK0LcAQB34uyjVEhcd7A="}},"rVyWFpAQzo+CetO6IVwd3NqLR4ujIh5Rgd++287jgEk=":{"valueMac":{"type":"Buffer","data":"D7Ml50dpbAnE/X1si/Cw+mQV3o87+PO4MddPsvCKUdc="}},"rocHbJrdycb/Ymj0y73rlNDmKjpPF0cf/JVtbs537DI=":{"valueMac":{"type":"Buffer","data":"i2idJ5ZUhnw4A8TO7RVZvQdHIJWzE8CW5pgKBXIT0dQ="}},"ryqo0WKMbiH36GyCM0weLh25Qw/NLkkmW3XgHmhk43A=":{"valueMac":{"type":"Buffer","data":"TXejRPxwfGvxFRm2+jhRnPWQLl2a8R8WOnJ+NTo5dyc="}},"ssGMdx4kk+0VdRpjiKfSD48qHvFplmlp15H5dAhGSVI=":{"valueMac":{"type":"Buffer","data":"w07MCC8IpVBr5wfXN5fKbdVsZtLMafT6KIAS/OnS4wc="}},"s+1iF2z0U2IBxrg44NJFatxRJloL3kfaXu8VExTh3Sc=":{"valueMac":{"type":"Buffer","data":"qJ8G3KumttbRaiy5FM7W5Yv4gOuKNccOKA7N3WIBvoA="}},"txWulYXIBmjHgreXM1JsRdBElDIiQYqWoe+IyYCGlgI=":{"valueMac":{"type":"Buffer","data":"ejTA3gSw1kFAX50zC5nlieMEThbaKiWuDpiG4ELHDKA="}},"uiU4zy7G0YgObFcwS6h9a1+9fmmQZGQ4sVwZCXqFWPc=":{"valueMac":{"type":"Buffer","data":"3BKYrV31ntaEaVYvEuOL1j77IDYqI1zNjNoRiW8X0UI="}},"ukuWc38oUBfW+lvYFPiMcFnBpRR6JzxtVfBUCzI76Fo=":{"valueMac":{"type":"Buffer","data":"9LVwYxrPczQgz8PvEbPup1QSTFxeVMRitjq6xpZ51iI="}},"uo76GYRJPDHL/VOV5IyL4eoJMK/ZBL6uHkRzsxFXmew=":{"valueMac":{"type":"Buffer","data":"MdPU3Yi/zw5/u50dZfLwuxGR/S3nIhzrj8zsqtRc8YI="}},"usk7lPgIh8sa4LgH98RpwBq1zcAamTHNama8VT1093I=":{"valueMac":{"type":"Buffer","data":"JRlfLB+sRnzYOrz4IZuo46uKyCqmH/m5xf+Yx6G1Vn4="}},"vlTrudceblUlhHW5ceG8PmjOMwtbj9PCjQ5sbQmrhIo=":{"valueMac":{"type":"Buffer","data":"ABGEQ6WTGgQECDoISkcbuuUXSwkVU4w/4ccM4zw080o="}},"wgBd+f+KjPdJXv12e4z+gf8uK4F2zL10qVmHW+vp4yA=":{"valueMac":{"type":"Buffer","data":"A2tgxanHPMm9fB/phXmLAOlb/G/19Y8yxgZfledIlrA="}},"wvVb1VGiqP3sYEpokr8GXeH5hKaCUuP1WAbJVGrdDC0=":{"valueMac":{"type":"Buffer","data":"EfgJHJgl5WdjOiiIDlhZ0PeaSA4YihzlPnact2r16WU="}},"xCNTW0eknXcotx+PQyrF/jCsfCfTjBU/haA50y82Hw4=":{"valueMac":{"type":"Buffer","data":"zwfflRu18wtyJszZ3lMdLVYde5NDc2CGtoGYGnLVwJI="}},"yZ26u7N37EoTCtwFXGASEl4r8rLhqWb+8j8MTEc/0Ko=":{"valueMac":{"type":"Buffer","data":"KDQ3udP0T7KYZrjCpLR8HuajjBXMpkiZWYixgM3+X30="}},"ytFg5cZ4Z85BFl2wxCKJQ16qta/kR+l0byYkiSD0Pm4=":{"valueMac":{"type":"Buffer","data":"2FWkKsQrcY1UWZHVzx49cPos2oo2Xx1yUMkLK4+5Rn0="}},"zIz5VnETFdrsZVe2z+yPbkMAMDNjKOjf19h8byKd4ik=":{"valueMac":{"type":"Buffer","data":"o7EsVf/W/acgRTCTzJ0ov8n+/mLCN+inaNHdnGl4xWg="}},"zSFzfdHnf4I73xuC3xKjDXtAgQRnW64CV2r2OAxCnMw=":{"valueMac":{"type":"Buffer","data":"BkqICL7Knlm31SsjGAFEznM7Wv/BGpvB1nCfRgc50ns="}},"zeMCoqDeev5raVVcsKw8vr30m4MB7Vi0pVsR/3fPjPs=":{"valueMac":{"type":"Buffer","data":"puvaYEfm9sRvnVp0lCiLzO7KmGqb/FytMTtvwzTLDeU="}},"0KEFQ+G0TDSlMebxQ6dpxwxjLHKQj5oNyqp5bOsfVQU=":{"valueMac":{"type":"Buffer","data":"U69dh9Q9HTxHg0Vsd97/GbnCxzyRF1sYXtYZesjOzhI="}},"0QFs1kNMMkr0lQTSjklMJS/gDF307mFFZApLeocEKIk=":{"valueMac":{"type":"Buffer","data":"0YQCQU6Nt/PGvK9q4DKcTwU6PwT77Xj2g3dOtrPW1n0="}},"0Sl3FO/XwcdUpWogd5Nl6R6sm363qIjp7FuBRbWKJcI=":{"valueMac":{"type":"Buffer","data":"sV6A6U831eQN50laDzXiUxsUNEjIZlHzzfTwfE9yg1Q="}},"0a5sOxcSF4PKanG/HKO1F7s6eNk+6T5QDtSssI37l20=":{"valueMac":{"type":"Buffer","data":"dgwEPahDjCo7YXm7vva62l0ML2ebopxX06T+aeVY+7A="}},"0qtsryO1N+V3X5BkmWMMsmRuM30uhBwHHnZOo1F9of0=":{"valueMac":{"type":"Buffer","data":"EQV4Wsx/Ojx9T+BKgjoksh/52yXR182L7klxUrDnZfs="}},"1Z0YEsnizjfR8lPvm2tfyR4h+uTLY2iRrflVw2jxrlU=":{"valueMac":{"type":"Buffer","data":"iWb2WOz+whxNGdJ5nPSPb8W3bfqKl4AhIk3qS0rRW0U="}},"189RSKdFCDK7IJP/0JHcSOLZ918tbFDoZR1hRwBM444=":{"valueMac":{"type":"Buffer","data":"AMVhHjcnacBVnTXtExdMmxWssNezYSUoGM1ilVN5XY4="}},"2JzbpZK3JtB3cTtEbz3Q4C2zZtU8JFSRWN77OSOZo34=":{"valueMac":{"type":"Buffer","data":"WJbn5ONit8DdcrN0CFq9BVa7vlBpJSUD/MzqAO+FvwY="}},"2Sqj5LsYRFzC4U0OF3w+lczA6TAj+JTNPmnZ4JAGNf4=":{"valueMac":{"type":"Buffer","data":"CUhEIQzy5KAMbfGtrLFdKNXBqwdL3dPJAiHg8cIjv0s="}},"2U46Pvq+Skm3eddskNpz/HYAfmnB+SGB7HXUwBEVXFo=":{"valueMac":{"type":"Buffer","data":"//lonfN/TlEt28BvgqY9dqfj4WbQNuKL9AqQ0+dHPbU="}},"4AbVACoqS5uycDwfUvcdD1v9KhvE+rel1XTICn5SLVg=":{"valueMac":{"type":"Buffer","data":"3p+uY7uGA7OJi35ml+ST8kIYPldPCTOg7g3Rw/4Qkkw="}},"4HbWVmkIybbNrcZNlYPrWmWK05dczEIL8R/DKo8w/oE=":{"valueMac":{"type":"Buffer","data":"0BtDQtCXvR8AZ+NxraF/f2jokpbVE2OhxSrQxppeYuc="}},"4lCj8OJTMpf2jKAqXhdcVTrLrUu24xbYiA00mPIxYvE=":{"valueMac":{"type":"Buffer","data":"gyDFYXbZdOaMpimg58CDxnC/5iRgIXimtWEb+owqeUU="}},"4nRUrlWT54s6illJ4XzZSkmCsrMW6OYBdo2OvLJjbWU=":{"valueMac":{"type":"Buffer","data":"bIH4A9fob4uvuQ5qOzkj+dZSu0KSPtKxHA8xMcvl9Gk="}},"4rMrQd3RJVgTblC1YAVfDRRvY8Nu5dNES6GMfyZv2Tw=":{"valueMac":{"type":"Buffer","data":"lF3LY47+ZuslO6g8kHz/OGO9UGQ+J7OJYVbin7XA40c="}},"5dnqlJo0cY/YI8HMOzHQSx1027OXdpCR0qn0RxDi+2k=":{"valueMac":{"type":"Buffer","data":"bI6rRIpuBvBZDHjrTDYh+Tf34PwFpP3kURcM+62WIkI="}},"5wizyyZi6NxRYztq9pbf3IJlIJPiZqhFTJyl2XzYWbw=":{"valueMac":{"type":"Buffer","data":"r4EbV+UvFhnTpMQSDGcNkVoz/KNX5RlDVo1Ma0p729Y="}},"51HptCavOWlUEjP0Ok2TbCMRb+TQ9TXu9zk3U2pUjkk=":{"valueMac":{"type":"Buffer","data":"npN+kBm9XF+R8taqnJVK994HIP32N5Fo6td2RFs9J4M="}},"6GD8YD7G7FUh+oS85/pODe4C+PUNhRNI8vVzAzSWlh0=":{"valueMac":{"type":"Buffer","data":"wCqNYfOLSe2wqpVBJQmCHyDXEsxUOJGgKeY8Y+0zERM="}},"6YyDZcexZYYJFlBGaOVJPABkfJItG0PclsODZ4Cxh7w=":{"valueMac":{"type":"Buffer","data":"nY44FOff/XussDQfjZ434kd+xItsKzK8mc2IAYZAgrE="}},"6hG22I3gSCW68JUVQ9gway1QuosJmr+cTBcSgOq8J7U=":{"valueMac":{"type":"Buffer","data":"kXMuEShapwx0/ZdgXF3DJkNb8oWGISmXjIcAncBXR74="}},"6p8PPQGMetnm4E5DyCXGtB6OoJR8PaVHatM0wXhV7wA=":{"valueMac":{"type":"Buffer","data":"LXYiSF9PVZx/O8q+xKK/5EExeqMYHIKR8wFM+MMq+lI="}},"7KI0kL7vGBrd+8Rn6fkMdrsvIkz1ttXYKuyclYb3zXU=":{"valueMac":{"type":"Buffer","data":"DM+y3Pm8WiRS7m5foNiSs+GuGhf2xV07B6LOq+hByFM="}},"7qSYAkh8Wqz9iBVefCFD+DLYUcJ1fM7Ijh21R7WfRuE=":{"valueMac":{"type":"Buffer","data":"SM9WqdezdNnLl3/v72KoQW9muvSrygXr4LS73JFJ0SE="}},"78Xi2S2kwE3hToZ9Cx96wvOCbJhLt6wlGZOdPEXnTfg=":{"valueMac":{"type":"Buffer","data":"ewFWE07P08t5BH3usFiQPS/eL2HeFAxZUZ92mpKh8T0="}},"8o35wpj/+1oe5WJytoOB5BZ5YFsof7pq3EMQ75bKDfw=":{"valueMac":{"type":"Buffer","data":"bqj18dnZc5HYrEHtLxwCMq3/8lkCGe3HnGwLuEHWt3o="}},"94l/O4Cqbn8elS1TqwzFjVVEe5Wdpap6ALP74v26Oqc=":{"valueMac":{"type":"Buffer","data":"UBQKv+xFePQOwZaecEH21YxkdwrozYtHs4c/7D2q+/8="}},"96rKrD9VX2YIGwRWYM6Rl5OsMFiDL3aYhrncOd/bos8=":{"valueMac":{"type":"Buffer","data":"XfotUU/WjVzpYSa8L9DkRQtqLBWH2GCjahs4A7+ycro="}},"+BcFThpByRl1Hwn6bkGIosmNROJSKopZg4YvTS+A8bo=":{"valueMac":{"type":"Buffer","data":"FGmr2pC1xlo8i//rn17VY16DxCBWepgxUA0ecKdbL/w="}},"+bWimXjOihxsL1Rks3ko00C8JbsSI0AC1qPG1Q7GYSo=":{"valueMac":{"type":"Buffer","data":"/+Qx9aZfVhLmmCDVX5AaFdChS/WghLSkFW7jThwyEEI="}},"+dsikL+gZDLhrprn+bMgi/ceZCSdlauj1EkI+DqWhoM=":{"valueMac":{"type":"Buffer","data":"L2P2XUh4efkN1cZVaFw6hEAdzpMxsmDbGs+YDpKxMho="}},"+i9AEl9dQYIeX/qkk+e0HsDt/7myW0ALlt7/bYe4Zbo=":{"valueMac":{"type":"Buffer","data":"kWJpRdjJWsfdVQccB8AG60xHaXlyUZ8iE6tWcyIJhPA="}},"+0kYdUaRY/lyR/m1sB6DaDjcNp45yPZxsWt1MwTWi4o=":{"valueMac":{"type":"Buffer","data":"XU3JYTjCt3sAmlzgwrn9g4/7YHh0E3RZclNwvUDmq5s="}},"+4wLsekBVNLncgBIeGRCexHq5lEhdZAl2FvL4ZaQ+DM=":{"valueMac":{"type":"Buffer","data":"2nAIQR3p7OfCsknQyZi64spXZ/DW60aODbfy5uosphM="}},"/DdLAz4A+3tH1FcN+Gdn701QKfJXhE+ruy6jIiinysc=":{"valueMac":{"type":"Buffer","data":"VXWwuvqVeIU1lFNSOO7anGH1g6aOlo7bRkdCuC1k/WM="}}}}