{"_sessions":{"BSiW/zQ5F0gWKN9mhcdt4f4YyksYekP60PSdTIQdc+Fo":{"registrationId":769684109,"currentRatchet":{"ephemeralKeyPair":{"pubKey":"BWo+BtGVQaTcH35iJWXyWf7auzpUoRrlxqv66tpgWk80","privKey":"YLcOyV89UspLSUHK25AvgIRwMqsv3Kqv9CbO74Vcr0M="},"lastRemoteEphemeralKey":"Bb6Wci3/upqOzt5OwESOQmMYHc/X86h7IMpEZMHeUYhN","previousCounter":0,"rootKey":"UvbuyUnZccIeKYHqWy7KyqlKq+nuJNlfasmYAZjoBnE="},"indexInfo":{"baseKey":"BSiW/zQ5F0gWKN9mhcdt4f4YyksYekP60PSdTIQdc+Fo","baseKeyType":2,"closed":-1,"used":1741204521149,"created":1741204521149,"remoteIdentityKey":"Bf/9VvVM4aeSNBCISAAscscLcJ8u0EuUPuvNTClvWtAm"},"_chains":{"Bb6Wci3/upqOzt5OwESOQmMYHc/X86h7IMpEZMHeUYhN":{"chainKey":{"counter":6,"key":"auFRtWdmnBNDlZsO5KJbit7VEjZrkIvtZkjdu8gnqhg="},"chainType":2,"messageKeys":{}},"BWo+BtGVQaTcH35iJWXyWf7auzpUoRrlxqv66tpgWk80":{"chainKey":{"counter":-1,"key":"TTqex2U3QqKDA7IOpspxImgwULkoy6JNanJDE4nogjc="},"chainType":1,"messageKeys":{}}}}},"version":"v1"}